item	pdf
Q179876	00A11.pdf
Q178159	00B111.pdf
Q178720	00B112.pdf
Q179443	00B113.pdf
Q179098	00B114.pdf
Q178237	00B115.pdf
Q178381	00B116.pdf
Q179110	00B121.pdf
Q178837	00B131.pdf
Q178996	00B211.pdf
Q179056	00B212.pdf
Q178968	00B213.pdf
Q177885	00B214.pdf
Q179011	00B221.pdf
Q180330	00B222.pdf
Q178623	00B231.pdf
Q183282	00B311.pdf
Q179418	00B3110.pdf
Q179053	00B312.pdf
Q180091	00B313.pdf
Q178574	00B314.pdf
Q178517	00B315.pdf
Q179754	00B316.pdf
Q179175	00B317.pdf
Q178165	00B318.pdf
Q178233	00B319.pdf
Q179805	00B321.pdf
Q178262	00B322.pdf
Q179657	00B323.pdf
Q183155	00B331.pdf
Q180000	00B332.pdf
Q178264	00B333.pdf
Q180356	00B334.pdf
Q178062	00B335.pdf
Q178780	00B336.pdf
Q178124	00B337.pdf
Q178490	00B338.pdf
Q180154	00D111.pdf
Q179727	00D112.pdf
Q178399	00D113.pdf
Q178150	00D114.pdf
Q180215	00D115.pdf
Q177874	00D116.pdf
Q183025	00D121.pdf
Q179038	00D1210.pdf
Q178043	00D1211.pdf
Q177865	00D1212.pdf
Q178534	00D1213.pdf
Q179698	00D1214.pdf
Q179616	00D1215.pdf
Q177959	00D1216.pdf
Q179275	00D1217.pdf
Q178810	00D1218.pdf
Q178858	00D1219.pdf
Q183079	00D122.pdf
Q179853	00D1220.pdf
Q177953	00D1221.pdf
Q179998	00D1222.pdf
Q180343	00D1223.pdf
Q179482	00D1224.pdf
Q178506	00D1225.pdf
Q179344	00D1226.pdf
Q178886	00D1227.pdf
Q180160	00D1228.pdf
Q179158	00D1229.pdf
Q183164	00D123.pdf
Q179513	00D124.pdf
Q179379	00D125.pdf
Q179938	00D126.pdf
Q178109	00D127.pdf
Q180329	00D128.pdf
Q179186	00D129.pdf
Q178432	00D131.pdf
Q178198	00D132.pdf
Q179285	00D133.pdf
Q179378	00D134.pdf
Q183253	00D135.pdf
Q183006	00D136.pdf
Q179673	00D141.pdf
Q178559	00D142.pdf
Q178844	00D211.pdf
Q179326	00D212.pdf
Q178430	00D213.pdf
Q179338	00D214.pdf
Q183215	00D221.pdf
Q179582	00D2210.pdf
Q178393	00D2211.pdf
Q178298	00D2212.pdf
Q178648	00D2213.pdf
Q178923	00D222.pdf
Q178889	00D223.pdf
Q179358	00D224.pdf
Q179832	00D225.pdf
Q179468	00D226.pdf
Q179822	00D227.pdf
Q179312	00D228.pdf
Q178629	00D229.pdf
Q179964	00D231.pdf
Q179683	00D232.pdf
Q178666	00D233.pdf
Q178840	00D234.pdf
Q178782	00D235.pdf
Q179537	00D236.pdf
Q182961	00D241.pdf
Q179502	00D242.pdf
Q180250	00D243.pdf
Q178423	00D244.pdf
Q180307	00D245.pdf
Q178518	00D311.pdf
Q179017	00D312.pdf
Q179717	00D313.pdf
Q178231	00D314.pdf
Q178899	00D315.pdf
Q179920	00D316.pdf
Q178906	00D317.pdf
Q180100	00D321.pdf
Q177937	00D3210.pdf
Q179057	00D3211.pdf
Q178749	00D322.pdf
Q180125	00D323.pdf
Q180002	00D324.pdf
Q180166	00D325.pdf
Q178548	00D326.pdf
Q178409	00D327.pdf
Q179709	00D328.pdf
Q180318	00D329.pdf
Q180312	00D331.pdf
Q180387	00D341.pdf
Q179602	00D3410.pdf
Q179084	00D3411.pdf
Q179922	00D3412.pdf
Q178607	00D3413.pdf
Q179258	00D3414.pdf
Q179079	00D3415.pdf
Q179785	00D3416.pdf
Q178410	00D3417.pdf
Q179194	00D3418.pdf
Q179268	00D3419.pdf
Q179092	00D342.pdf
Q178229	00D3420.pdf
Q180386	00D343.pdf
Q179975	00D344.pdf
Q180345	00D345.pdf
Q178099	00D346.pdf
Q178067	00D347.pdf
Q177878	00D348.pdf
Q180376	00D349.pdf
Q177896	00D351.pdf
Q179121	00D352.pdf
Q179829	01A11.pdf
Q179423	01A21.pdf
Q180171	01A22.pdf
Q179773	01B111.pdf
Q180190	01B112.pdf
Q180159	01B113.pdf
Q178512	01B114.pdf
Q178546	01B115.pdf
Q179051	01B116.pdf
Q179561	01B121.pdf
Q179306	01B211.pdf
Q178689	01B212.pdf
Q179783	01B213.pdf
Q178909	01B214.pdf
Q177866	01B215.pdf
Q180332	01B221.pdf
Q177942	01B231.pdf
Q179197	01B311.pdf
Q179880	01B3110.pdf
Q180304	01B3111.pdf
Q183198	01B312.pdf
Q180011	01B313.pdf
Q179055	01B314.pdf
Q177860	01B315.pdf
Q180131	01B316.pdf
Q180095	01B317.pdf
Q177895	01B318.pdf
Q179787	01B319.pdf
Q178731	01B321.pdf
Q183278	01B331.pdf
Q178562	01B3310.pdf
Q180202	01B3311.pdf
Q179990	01B332.pdf
Q178313	01B333.pdf
Q179282	01B334.pdf
Q182913	01B335.pdf
Q178040	01B336.pdf
Q179777	01B337.pdf
Q179266	01B338.pdf
Q178091	01B339.pdf
Q180188	01D111.pdf
Q179184	01D112.pdf
Q179770	01D113.pdf
Q178028	01D114.pdf
Q180068	01D115.pdf
Q178482	01D121.pdf
Q180174	01D1210.pdf
Q179305	01D1211.pdf
Q178700	01D1212.pdf
Q179089	01D1213.pdf
Q180071	01D1214.pdf
Q180052	01D1215.pdf
Q178553	01D1216.pdf
Q178446	01D1217.pdf
Q179107	01D1218.pdf
Q178032	01D1219.pdf
Q183218	01D122.pdf
Q179078	01D123.pdf
Q179217	01D124.pdf
Q180129	01D125.pdf
Q178773	01D126.pdf
Q179684	01D127.pdf
Q178283	01D128.pdf
Q179436	01D129.pdf
Q182998	01D131.pdf
Q182870	01D141.pdf
Q179903	01D1410.pdf
Q180007	01D1411.pdf
Q183027	01D142.pdf
Q178223	01D143.pdf
Q179945	01D144.pdf
Q178111	01D145.pdf
Q177952	01D146.pdf
Q178095	01D147.pdf
Q177971	01D148.pdf
Q180253	01D149.pdf
Q178681	01D151.pdf
Q177951	01D152.pdf
Q180116	01D153.pdf
Q178932	01D154.pdf
Q179140	01D155.pdf
Q177978	01D211.pdf
Q180301	01D212.pdf
Q178206	01D213.pdf
Q179996	01D214.pdf
Q179320	01D215.pdf
Q178599	01D216.pdf
Q180162	01D217.pdf
Q178454	01D218.pdf
Q178117	01D221.pdf
Q178970	01D2210.pdf
Q178803	01D2211.pdf
Q179693	01D2212.pdf
Q180115	01D2213.pdf
Q178849	01D2214.pdf
Q179035	01D222.pdf
Q179380	01D223.pdf
Q180209	01D224.pdf
Q178805	01D225.pdf
Q179077	01D226.pdf
Q179394	01D227.pdf
Q180015	01D228.pdf
Q178138	01D229.pdf
Q179797	01D231.pdf
Q178131	01D232.pdf
Q182994	01D241.pdf
Q179893	01D242.pdf
Q178118	01D243.pdf
Q178682	01D244.pdf
Q179611	01D245.pdf
Q178444	01D246.pdf
Q178220	01D251.pdf
Q178330	01D252.pdf
Q180111	01D253.pdf
Q178277	01D254.pdf
Q179926	01D255.pdf
Q180123	01D311.pdf
Q179874	01D312.pdf
Q179604	01D313.pdf
Q178281	01D314.pdf
Q180019	01D315.pdf
Q178346	01D316.pdf
Q179453	01D317.pdf
Q180078	01D318.pdf
Q180092	01D321.pdf
Q180315	01D3210.pdf
Q180101	01D3211.pdf
Q178230	01D3212.pdf
Q178186	01D322.pdf
Q178555	01D323.pdf
Q180235	01D324.pdf
Q177887	01D325.pdf
Q178956	01D326.pdf
Q178071	01D327.pdf
Q179022	01D328.pdf
Q180352	01D329.pdf
Q179587	01D331.pdf
Q180357	01D332.pdf
Q179104	01D333.pdf
Q178052	01D334.pdf
Q179650	01D335.pdf
Q179499	01D336.pdf
Q179589	01D337.pdf
Q179214	01D338.pdf
Q178891	01D339.pdf
Q178374	01D341.pdf
Q183045	01D411.pdf
Q183053	01Entrada.pdf
Q180355	02A11.pdf
Q178310	02B111.pdf
Q180206	02B112.pdf
Q178589	02B121.pdf
Q183208	02B122.pdf
Q180227	02B123.pdf
Q177909	02B211.pdf
Q180224	02B212.pdf
Q180089	02B213.pdf
Q180120	02B214.pdf
Q179743	02B215.pdf
Q178420	02B216.pdf
Q178854	02B221.pdf
Q179363	02B222.pdf
Q180118	02B311.pdf
Q178831	02B3110.pdf
Q178799	02B3111.pdf
Q179968	02B3112.pdf
Q180086	02B3113.pdf
Q183220	02B312.pdf
Q179385	02B313.pdf
Q179352	02B314.pdf
Q179816	02B315.pdf
Q179321	02B316.pdf
Q178881	02B317.pdf
Q178019	02B318.pdf
Q178985	02B319.pdf
Q180181	02B321.pdf
Q178569	02B331.pdf
Q179889	02B3310.pdf
Q180381	02B3311.pdf
Q179210	02B3312.pdf
Q178571	02B332.pdf
Q183016	02B333.pdf
Q183039	02B334.pdf
Q179362	02B335.pdf
Q178012	02B336.pdf
Q178563	02B337.pdf
Q179007	02B338.pdf
Q178403	02B339.pdf
Q179858	02B341.pdf
Q178140	02B342.pdf
Q179725	02D111.pdf
Q178291	02D112.pdf
Q178770	02D113.pdf
Q178384	02D114.pdf
Q183018	02D121.pdf
Q179182	02D1210.pdf
Q178551	02D1211.pdf
Q179230	02D1212.pdf
Q179472	02D1213.pdf
Q178626	02D1214.pdf
Q179697	02D1215.pdf
Q178395	02D1216.pdf
Q178096	02D1217.pdf
Q178405	02D1218.pdf
Q179255	02D1219.pdf
Q183008	02D122.pdf
Q178263	02D1220.pdf
Q178064	02D1221.pdf
Q180377	02D1222.pdf
Q178620	02D1223.pdf
Q178788	02D1224.pdf
Q178748	02D1225.pdf
Q179291	02D1226.pdf
Q178920	02D123.pdf
Q179199	02D124.pdf
Q178772	02D125.pdf
Q178387	02D126.pdf
Q179676	02D127.pdf
Q178585	02D128.pdf
Q179195	02D129.pdf
Q179746	02D131.pdf
Q180149	02D141.pdf
Q180196	02D142.pdf
Q178501	02D143.pdf
Q179460	02D144.pdf
Q177917	02D145.pdf
Q178329	02D146.pdf
Q178738	02D147.pdf
Q183222	02D148.pdf
Q177995	02D151.pdf
Q180230	02D152.pdf
Q182925	02D211.pdf
Q179868	02D212.pdf
Q179274	02D213.pdf
Q180185	02D214.pdf
Q178500	02D215.pdf
Q180237	02D216.pdf
Q178651	02D217.pdf
Q179237	02D218.pdf
Q178983	02D219.pdf
Q178251	02D221.pdf
Q179225	02D2210.pdf
Q178278	02D2211.pdf
Q179525	02D2212.pdf
Q178684	02D2213.pdf
Q179663	02D222.pdf
Q179097	02D223.pdf
Q178328	02D224.pdf
Q178335	02D225.pdf
Q178438	02D226.pdf
Q178441	02D227.pdf
Q178711	02D228.pdf
Q178914	02D229.pdf
Q177893	02D231.pdf
Q179382	02D232.pdf
Q178322	02D233.pdf
Q178455	02D234.pdf
Q179087	02D235.pdf
Q178038	02D236.pdf
Q178642	02D237.pdf
Q178162	02D238.pdf
Q179678	02D239.pdf
Q178123	02D241.pdf
Q180016	02D242.pdf
Q179962	02D311.pdf
Q179388	02D312.pdf
Q179892	02D313.pdf
Q179299	02D314.pdf
Q179310	02D315.pdf
Q183081	02D321.pdf
Q178034	02D3210.pdf
Q179560	02D3211.pdf
Q178142	02D3212.pdf
Q178624	02D3213.pdf
Q179632	02D3214.pdf
Q179260	02D3215.pdf
Q179295	02D3216.pdf
Q179143	02D3217.pdf
Q179894	02D322.pdf
Q178934	02D323.pdf
Q180067	02D324.pdf
Q179168	02D325.pdf
Q178522	02D326.pdf
Q179864	02D327.pdf
Q178834	02D328.pdf
Q178747	02D329.pdf
Q183241	02D331.pdf
Q179965	02D3310.pdf
Q179932	02D3311.pdf
Q178612	02D3312.pdf
Q178066	02D3313.pdf
Q179367	02D3314.pdf
Q178472	02D3315.pdf
Q178255	02D332.pdf
Q180124	02D333.pdf
Q178307	02D334.pdf
Q179594	02D335.pdf
Q179361	02D336.pdf
Q178659	02D337.pdf
Q179573	02D338.pdf
Q178516	02D339.pdf
Q178357	02D341.pdf
Q183219	02entrada.pdf
Q179118	03A11.pdf
Q179209	03A12.pdf
Q177967	03A13.pdf
Q178121	03B111.pdf
Q178630	03B112.pdf
Q179527	03B113.pdf
Q179300	03B121.pdf
Q178774	03B122.pdf
Q182932	03B123.pdf
Q179551	03B211.pdf
Q178009	03B212.pdf
Q178073	03B213.pdf
Q178288	03B214.pdf
Q180272	03B215.pdf
Q183072	03B221.pdf
Q179630	03B222.pdf
Q180243	03B223.pdf
Q183236	03B311.pdf
Q178419	03B3110.pdf
Q178699	03B3111.pdf
Q177868	03B3112.pdf
Q178437	03B312.pdf
Q179494	03B313.pdf
Q178878	03B314.pdf
Q178702	03B315.pdf
Q180300	03B316.pdf
Q179767	03B317.pdf
Q180548	03B318.pdf
Q178417	03B319.pdf
Q179713	03B321.pdf
Q178296	03B322.pdf
Q183010	03B331.pdf
Q180150	03B3310.pdf
Q178163	03B3311.pdf
Q179481	03B3312.pdf
Q178244	03B3313.pdf
Q179307	03B3314.pdf
Q180266	03B3315.pdf
Q179735	03B3316.pdf
Q179487	03B3317.pdf
Q177928	03B3318.pdf
Q178176	03B332.pdf
Q179807	03B333.pdf
Q178282	03B334.pdf
Q180134	03B335.pdf
Q177913	03B336.pdf
Q178197	03B337.pdf
Q177960	03B338.pdf
Q178006	03B339.pdf
Q179450	03B341.pdf
Q178652	03D111.pdf
Q179939	03D112.pdf
Q178978	03D113.pdf
Q178217	03D114.pdf
Q179341	03D115.pdf
Q182972	03D121.pdf
Q179452	03D1210.pdf
Q179606	03D1211.pdf
Q179126	03D1212.pdf
Q177958	03D1213.pdf
Q178919	03D1214.pdf
Q178144	03D1215.pdf
Q178260	03D1216.pdf
Q179241	03D122.pdf
Q179872	03D123.pdf
Q179290	03D124.pdf
Q180216	03D125.pdf
Q179490	03D126.pdf
Q178760	03D127.pdf
Q179387	03D128.pdf
Q179624	03D129.pdf
Q183166	03D131.pdf
Q177926	03D141.pdf
Q179058	03D142.pdf
Q178852	03D143.pdf
Q179681	03D144.pdf
Q183165	03D151.pdf
Q178524	03D152.pdf
Q178049	03D153.pdf
Q180249	03D154.pdf
Q178643	03D155.pdf
Q179172	03D156.pdf
Q179239	03D211.pdf
Q180103	03D2110.pdf
Q179637	03D2111.pdf
Q178931	03D2112.pdf
Q178249	03D2113.pdf
Q178676	03D2114.pdf
Q178464	03D2115.pdf
Q179590	03D2116.pdf
Q179580	03D2117.pdf
Q178324	03D2118.pdf
Q178962	03D2119.pdf
Q178907	03D212.pdf
Q179524	03D2120.pdf
Q178865	03D213.pdf
Q179677	03D214.pdf
Q178035	03D215.pdf
Q180057	03D216.pdf
Q178158	03D217.pdf
Q177990	03D218.pdf
Q179478	03D219.pdf
Q183189	03D221.pdf
Q178185	03D222.pdf
Q179690	03D223.pdf
Q180178	03D224.pdf
Q179752	03D225.pdf
Q180046	03D226.pdf
Q178693	03D227.pdf
Q180287	03D231.pdf
Q178525	03D232.pdf
Q177908	03D233.pdf
Q179871	03D234.pdf
Q179758	03D235.pdf
Q179375	03D241.pdf
Q180225	03D242.pdf
Q178691	03D243.pdf
Q178795	03D251.pdf
Q179519	03D252.pdf
Q178597	03D311.pdf
Q179827	03D3110.pdf
Q178904	03D3111.pdf
Q179950	03D3112.pdf
Q178342	03D312.pdf
Q177929	03D313.pdf
Q177870	03D314.pdf
Q178638	03D315.pdf
Q178154	03D316.pdf
Q179915	03D317.pdf
Q179445	03D318.pdf
Q178677	03D319.pdf
Q182946	03D321.pdf
Q180084	03D3210.pdf
Q180172	03D3211.pdf
Q179160	03D3212.pdf
Q178449	03D3213.pdf
Q179027	03D3214.pdf
Q178340	03D3215.pdf
Q178558	03D3216.pdf
Q177886	03D3217.pdf
Q178649	03D3218.pdf
Q178286	03D3219.pdf
Q178145	03D322.pdf
Q180039	03D3220.pdf
Q178588	03D323.pdf
Q178348	03D324.pdf
Q179141	03D325.pdf
Q179205	03D326.pdf
Q179648	03D327.pdf
Q179645	03D328.pdf
Q179516	03D329.pdf
Q179167	03D331.pdf
Q179588	03D332.pdf
Q179340	03D333.pdf
Q179467	03D341.pdf
Q178210	03D342.pdf
Q178470	03D343.pdf
Q178796	03D344.pdf
Q180044	03D345.pdf
Q178418	03D346.pdf
Q178701	03D347.pdf
Q179192	03D351.pdf
Q182969	03D411.pdf
Q180285	03D412.pdf
Q177867	03entrada.pdf
Q180169	04A11.pdf
Q179504	04A12.pdf
Q179843	04B111.pdf
Q178161	04B112.pdf
Q177999	04B113.pdf
Q179982	04B114.pdf
Q179451	04B211.pdf
Q178321	04B212.pdf
Q180240	04B213.pdf
Q179919	04B214.pdf
Q179760	04B215.pdf
Q180027	04B216.pdf
Q179220	04B221.pdf
Q178377	04B222.pdf
Q179529	04B231.pdf
Q178183	04B232.pdf
Q178839	04B233.pdf
Q179009	04B311.pdf
Q178350	04B312.pdf
Q179400	04B313.pdf
Q178753	04B314.pdf
Q179086	04B315.pdf
Q178893	04B316.pdf
Q178246	04B317.pdf
Q177940	04B318.pdf
Q179585	04B319.pdf
Q180024	04B321.pdf
Q178995	04B322.pdf
Q179252	04B323.pdf
Q183266	04B324.pdf
Q183023	04B331.pdf
Q178595	04B3310.pdf
Q179568	04B3311.pdf
Q178487	04B3312.pdf
Q178292	04B3313.pdf
Q179052	04B3314.pdf
Q179702	04B3315.pdf
Q179660	04B332.pdf
Q178451	04B333.pdf
Q179599	04B334.pdf
Q178826	04B335.pdf
Q178680	04B336.pdf
Q178252	04B337.pdf
Q178526	04B338.pdf
Q180373	04B339.pdf
Q180347	04B341.pdf
Q182908	04D111.pdf
Q180259	04D112.pdf
Q178178	04D113.pdf
Q180008	04D114.pdf
Q179885	04D115.pdf
Q178957	04D116.pdf
Q178287	04D117.pdf
Q180075	04D118.pdf
Q182976	04D121.pdf
Q178302	04D1210.pdf
Q178740	04D1211.pdf
Q179748	04D1212.pdf
Q179360	04D1213.pdf
Q178859	04D1214.pdf
Q179506	04D1215.pdf
Q180156	04D1216.pdf
Q178189	04D1217.pdf
Q180379	04D1218.pdf
Q178791	04D1219.pdf
Q183056	04D122.pdf
Q179351	04D1220.pdf
Q180054	04D1221.pdf
Q180080	04D1222.pdf
Q179835	04D123.pdf
Q180275	04D124.pdf
Q179782	04D125.pdf
Q179901	04D126.pdf
Q179254	04D127.pdf
Q178926	04D128.pdf
Q179373	04D129.pdf
Q182960	04D131.pdf
Q178967	04D132.pdf
Q179557	04D133.pdf
Q183058	04D141.pdf
Q178308	04D1410.pdf
Q180069	04D1411.pdf
Q179566	04D1412.pdf
Q177859	04D1413.pdf
Q179377	04D1414.pdf
Q178338	04D1415.pdf
Q179332	04D1416.pdf
Q178002	04D142.pdf
Q177996	04D143.pdf
Q178879	04D144.pdf
Q179846	04D145.pdf
Q179838	04D146.pdf
Q178812	04D147.pdf
Q178717	04D148.pdf
Q179165	04D149.pdf
Q178672	04D151.pdf
Q178135	04D152.pdf
Q178667	04D211.pdf
Q179273	04D2110.pdf
Q180420	04D2111.pdf
Q180436	04D2112.pdf
Q179726	04D212.pdf
Q179424	04D213.pdf
Q180001	04D214.pdf
Q178475	04D215.pdf
Q179076	04D216.pdf
Q180036	04D217.pdf
Q179319	04D218.pdf
Q179125	04D219.pdf
Q179981	04D221.pdf
Q180433	04D222.pdf
Q180431	04D223.pdf
Q180425	04D224.pdf
Q180438	04D225.pdf
Q180435	04D226.pdf
Q183286	04D231.pdf
Q180430	04D232.pdf
Q180429	04D233.pdf
Q183291	04D241.pdf
Q180416	04D242.pdf
Q180410	04D243.pdf
Q180427	04D244.pdf
Q178077	04D251.pdf
Q179528	04D311.pdf
Q179980	04D3110.pdf
Q180145	04D312.pdf
Q180337	04D313.pdf
Q178848	04D314.pdf
Q179010	04D315.pdf
Q178975	04D316.pdf
Q179070	04D317.pdf
Q178433	04D318.pdf
Q179294	04D319.pdf
Q180316	04D321.pdf
Q180053	04D3210.pdf
Q180292	04D3211.pdf
Q179605	04D3212.pdf
Q178373	04D3213.pdf
Q178940	04D3214.pdf
Q179719	04D3215.pdf
Q179328	04D3216.pdf
Q178394	04D3217.pdf
Q178817	04D3218.pdf
Q180210	04D3219.pdf
Q177862	04D322.pdf
Q178289	04D3220.pdf
Q179711	04D3221.pdf
Q180010	04D3222.pdf
Q178415	04D3223.pdf
Q178594	04D3224.pdf
Q179570	04D323.pdf
Q177882	04D324.pdf
Q179403	04D325.pdf
Q178543	04D326.pdf
Q179558	04D327.pdf
Q180299	04D328.pdf
Q178386	04D329.pdf
Q178843	04D331.pdf
Q179405	04D332.pdf
Q180238	04D333.pdf
Q178151	04D334.pdf
Q178593	04D335.pdf
Q178846	04D336.pdf
Q177935	04D341.pdf
Q179462	04D3410.pdf
Q179155	04D3411.pdf
Q179233	04D342.pdf
Q179930	04D343.pdf
Q178193	04D344.pdf
Q177921	04D345.pdf
Q179120	04D346.pdf
Q178618	04D347.pdf
Q179430	04D348.pdf
Q179810	04D349.pdf
Q178955	04D351.pdf
Q179931	04D352.pdf
Q182927	04D41.pdf
Q179384	04D51.pdf
Q178785	04Entrada.pdf
Q179898	05A11.pdf
Q178382	05A21.pdf
Q177875	05B111.pdf
Q178194	05B112.pdf
Q179716	05B113.pdf
Q179866	05B114.pdf
Q180004	05B115.pdf
Q179474	05B211.pdf
Q178616	05B212.pdf
Q178273	05B213.pdf
Q177980	05B214.pdf
Q178868	05B215.pdf
Q177988	05B216.pdf
Q179803	05B221.pdf
Q180170	05B222.pdf
Q179828	05B223.pdf
Q178726	05B224.pdf
Q178603	05B225.pdf
Q179808	05B226.pdf
Q183095	05B227.pdf
Q178577	05B228.pdf
Q182917	05B229.pdf
Q178966	05B311.pdf
Q177849	05B312.pdf
Q178632	05B313.pdf
Q179737	05B314.pdf
Q179955	05B315.pdf
Q178122	05B316.pdf
Q180048	05B321.pdf
Q180228	05B322.pdf
Q180026	05B323.pdf
Q180045	05B324.pdf
Q183033	05B325.pdf
Q178326	05B326.pdf
Q183276	05B331.pdf
Q180367	05B3310.pdf
Q179111	05B3311.pdf
Q178739	05B3312.pdf
Q179511	05B332.pdf
Q180326	05B333.pdf
Q179153	05B334.pdf
Q179715	05B335.pdf
Q178048	05B336.pdf
Q177916	05B337.pdf
Q179470	05B338.pdf
Q179389	05B339.pdf
Q180269	05B341.pdf
Q182995	05D111.pdf
Q179627	05D1110.pdf
Q179823	05D112.pdf
Q180006	05D113.pdf
Q178911	05D114.pdf
Q178461	05D115.pdf
Q178053	05D116.pdf
Q179952	05D117.pdf
Q179033	05D118.pdf
Q179044	05D119.pdf
Q182871	05D121.pdf
Q178463	05D1210.pdf
Q178175	05D1211.pdf
Q180342	05D1212.pdf
Q180018	05D1213.pdf
Q178097	05D1214.pdf
Q179357	05D1215.pdf
Q178583	05D1216.pdf
Q177904	05D1217.pdf
Q179618	05D1218.pdf
Q178993	05D1219.pdf
Q183012	05D122.pdf
Q179318	05D1220.pdf
Q179680	05D1221.pdf
Q179249	05D1222.pdf
Q179562	05D1223.pdf
Q177889	05D1224.pdf
Q178311	05D1225.pdf
Q179489	05D1226.pdf
Q179745	05D1227.pdf
Q179963	05D1228.pdf
Q178560	05D1229.pdf
Q182903	05D123.pdf
Q178485	05D124.pdf
Q182957	05D125.pdf
Q178775	05D126.pdf
Q178422	05D127.pdf
Q179936	05D128.pdf
Q178494	05D129.pdf
Q179855	05D131.pdf
Q178078	05D1310.pdf
Q178969	05D1311.pdf
Q178299	05D1312.pdf
Q178488	05D1313.pdf
Q178510	05D1314.pdf
Q179135	05D1315.pdf
Q182873	05D132.pdf
Q177899	05D133.pdf
Q179873	05D134.pdf
Q179492	05D135.pdf
Q178883	05D136.pdf
Q178704	05D137.pdf
Q178101	05D138.pdf
Q179556	05D139.pdf
Q179759	05D141.pdf
Q178098	05D142.pdf
Q179662	05D143.pdf
Q178742	05D211.pdf
Q178851	05D212.pdf
Q178385	05D213.pdf
Q179243	05D214.pdf
Q178327	05D215.pdf
Q178191	05D216.pdf
Q178816	05D217.pdf
Q178493	05D218.pdf
Q178147	05D219.pdf
Q178016	05D221.pdf
Q179369	05D2210.pdf
Q178999	05D2211.pdf
Q178619	05D2212.pdf
Q179623	05D2213.pdf
Q177977	05D2214.pdf
Q179116	05D2215.pdf
Q178179	05D222.pdf
Q179995	05D223.pdf
Q178986	05D224.pdf
Q180062	05D225.pdf
Q178312	05D226.pdf
Q183255	05D227.pdf
Q179957	05D228.pdf
Q179701	05D229.pdf
Q177920	05D231.pdf
Q179763	05D232.pdf
Q183051	05D241.pdf
Q178696	05D2410.pdf
Q178369	05D2411.pdf
Q179458	05D2412.pdf
Q177991	05D2413.pdf
Q183003	05D242.pdf
Q179286	05D243.pdf
Q179916	05D244.pdf
Q180198	05D245.pdf
Q179392	05D246.pdf
Q180195	05D247.pdf
Q178332	05D248.pdf
Q177900	05D249.pdf
Q180339	05D251.pdf
Q177934	05D252.pdf
Q178171	05D311.pdf
Q177924	05D312.pdf
Q178608	05D313.pdf
Q179804	05D314.pdf
Q179154	05D315.pdf
Q180184	05D321.pdf
Q178581	05D3210.pdf
Q178576	05D3211.pdf
Q178552	05D3212.pdf
Q179991	05D3213.pdf
Q178862	05D3214.pdf
Q178744	05D3215.pdf
Q178473	05D3216.pdf
Q179954	05D3217.pdf
Q178686	05D3218.pdf
Q178250	05D3219.pdf
Q178056	05D322.pdf
Q179736	05D3220.pdf
Q180308	05D323.pdf
Q179170	05D324.pdf
Q179030	05D325.pdf
Q178011	05D326.pdf
Q179071	05D327.pdf
Q179540	05D328.pdf
Q178625	05D329.pdf
Q179509	05D331.pdf
Q178351	05D3310.pdf
Q180328	05D332.pdf
Q179791	05D333.pdf
Q179414	05D334.pdf
Q179386	05D335.pdf
Q180055	05D336.pdf
Q179327	05D337.pdf
Q178139	05D338.pdf
Q178460	05D339.pdf
Q183249	05D41.pdf
Q183269	05D51.pdf
Q179847	05D61.pdf
Q178654	06A11.pdf
Q178529	06A12.pdf
Q180189	06A13.pdf
Q178580	06A14.pdf
Q178767	06A15.pdf
Q178492	06B111.pdf
Q179177	06B112.pdf
Q177933	06B113.pdf
Q178226	06B114.pdf
Q179722	06B115.pdf
Q178897	06B116.pdf
Q179906	06B117.pdf
Q178133	06B121.pdf
Q178887	06B122.pdf
Q178590	06B123.pdf
Q179634	06B131.pdf
Q180341	06B211.pdf
Q178290	06B212.pdf
Q178867	06B213.pdf
Q179944	06B214.pdf
Q178173	06B215.pdf
Q179924	06B216.pdf
Q179156	06B217.pdf
Q180389	06B221.pdf
Q179036	06B222.pdf
Q183082	06B231.pdf
Q178763	06B232.pdf
Q183148	06B233.pdf
Q180135	06B311.pdf
Q179272	06B312.pdf
Q180063	06B313.pdf
Q179486	06B314.pdf
Q179850	06B315.pdf
Q179402	06B316.pdf
Q178380	06B317.pdf
Q180165	06B318.pdf
Q179339	06B319.pdf
Q180245	06B321.pdf
Q179774	06B322.pdf
Q178486	06B323.pdf
Q178622	06B324.pdf
Q180344	06B325.pdf
Q178356	06B326.pdf
Q182929	06B327.pdf
Q179972	06B328.pdf
Q180058	06B331.pdf
Q179003	06B3310.pdf
Q178869	06B3311.pdf
Q182905	06B3312.pdf
Q179761	06B332.pdf
Q179567	06B333.pdf
Q179497	06B334.pdf
Q179933	06B335.pdf
Q178026	06B336.pdf
Q180208	06B337.pdf
Q179653	06B338.pdf
Q177888	06B339.pdf
Q179090	06D111.pdf
Q179979	06D1110.pdf
Q179449	06D112.pdf
Q179948	06D113.pdf
Q179128	06D114.pdf
Q178690	06D115.pdf
Q178007	06D116.pdf
Q179879	06D117.pdf
Q178126	06D118.pdf
Q179189	06D119.pdf
Q183077	06D121.pdf
Q179198	06D1210.pdf
Q180191	06D1211.pdf
Q179771	06D1212.pdf
Q178921	06D1213.pdf
Q178268	06D1214.pdf
Q178960	06D1215.pdf
Q180021	06D1216.pdf
Q180232	06D1217.pdf
Q178397	06D1218.pdf
Q180239	06D1219.pdf
Q183159	06D122.pdf
Q180056	06D1220.pdf
Q178416	06D1221.pdf
Q179978	06D1222.pdf
Q179865	06D1223.pdf
Q179910	06D123.pdf
Q177879	06D124.pdf
Q178489	06D125.pdf
Q180223	06D126.pdf
Q180203	06D127.pdf
Q179775	06D128.pdf
Q179399	06D129.pdf
Q183104	06D131.pdf
Q178295	06D1310.pdf
Q178797	06D1311.pdf
Q180369	06D1312.pdf
Q178448	06D1313.pdf
Q178633	06D1314.pdf
Q179849	06D1315.pdf
Q178725	06D1316.pdf
Q178971	06D1317.pdf
Q178242	06D1318.pdf
Q179878	06D1319.pdf
Q183067	06D132.pdf
Q178315	06D1320.pdf
Q179138	06D1321.pdf
Q178917	06D1322.pdf
Q177984	06D1323.pdf
Q182904	06D133.pdf
Q183233	06D134.pdf
Q183235	06D135.pdf
Q178523	06D136.pdf
Q178167	06D137.pdf
Q179008	06D138.pdf
Q179532	06D139.pdf
Q179235	06D141.pdf
Q178952	06D211.pdf
Q179301	06D2110.pdf
Q179531	06D2111.pdf
Q183096	06D2112.pdf
Q183100	06D2113.pdf
Q179615	06D2114.pdf
Q178027	06D2115.pdf
Q180320	06D212.pdf
Q179207	06D213.pdf
Q177961	06D214.pdf
Q179247	06D215.pdf
Q179530	06D216.pdf
Q180260	06D217.pdf
Q179607	06D218.pdf
Q179792	06D219.pdf
Q182880	06D221.pdf
Q183022	06D2210.pdf
Q182874	06D2211.pdf
Q179814	06D2212.pdf
Q179330	06D2213.pdf
Q177871	06D2214.pdf
Q178636	06D222.pdf
Q177902	06D223.pdf
Q180382	06D224.pdf
Q178331	06D225.pdf
Q178769	06D226.pdf
Q177923	06D227.pdf
Q179642	06D228.pdf
Q178216	06D229.pdf
Q180317	06D231.pdf
Q178910	06D232.pdf
Q180032	06D241.pdf
Q179515	06D2410.pdf
Q179598	06D2411.pdf
Q179501	06D2412.pdf
Q182992	06D2413.pdf
Q178892	06D242.pdf
Q178365	06D243.pdf
Q178362	06D244.pdf
Q179700	06D245.pdf
Q179066	06D246.pdf
Q178469	06D247.pdf
Q179180	06D248.pdf
Q178075	06D249.pdf
Q183238	06D251.pdf
Q178566	06D252.pdf
Q183111	06D253.pdf
Q179859	06D254.pdf
Q178777	06D311.pdf
Q179550	06D312.pdf
Q179276	06D313.pdf
Q179100	06D314.pdf
Q178707	06D321.pdf
Q180284	06D3210.pdf
Q178545	06D3211.pdf
Q179350	06D3212.pdf
Q177881	06D3213.pdf
Q177955	06D3214.pdf
Q178850	06D3215.pdf
Q178305	06D3216.pdf
Q179023	06D3217.pdf
Q179234	06D3218.pdf
Q180187	06D3219.pdf
Q183085	06D322.pdf
Q179718	06D3220.pdf
Q178981	06D3221.pdf
Q179620	06D3222.pdf
Q180102	06D3223.pdf
Q179621	06D3224.pdf
Q178188	06D3225.pdf
Q177891	06D3226.pdf
Q178901	06D323.pdf
Q179374	06D324.pdf
Q179512	06D325.pdf
Q178238	06D326.pdf
Q179538	06D327.pdf
Q179790	06D328.pdf
Q178564	06D329.pdf
Q183089	06D331.pdf
Q177884	06D3310.pdf
Q180325	06D3311.pdf
Q179564	06D3312.pdf
Q180127	06D3313.pdf
Q179190	06D3314.pdf
Q178363	06D3315.pdf
Q178050	06D3316.pdf
Q179753	06D3317.pdf
Q178182	06D3318.pdf
Q177998	06D3319.pdf
Q178894	06D332.pdf
Q183141	06D3320.pdf
Q178372	06D3321.pdf
Q179935	06D3322.pdf
Q178141	06D3323.pdf
Q178864	06D333.pdf
Q178778	06D334.pdf
Q179298	06D335.pdf
Q179349	06D336.pdf
Q179059	06D337.pdf
Q180383	06D338.pdf
Q178997	06D339.pdf
Q180051	06D341.pdf
Q183260	06entrada.pdf
Q182863	07A.1.1.pdf
Q177970	07A.10.1.pdf
Q179050	07A.11.1.1.pdf
Q178204	07A.11.1.2.pdf
Q178930	07A.11.1.3.pdf
Q178819	07A.11.2.1.pdf
Q179253	07A.12.1.1.pdf
Q180263	07A.12.1.2.pdf
Q178606	07A.12.1.3.pdf
Q179311	07A.12.2.1.pdf
Q179918	07A.12.2.2.pdf
Q178989	07A.12.2.3.pdf
Q178609	07A.13.1.1.pdf
Q178057	07A.13.1.2.pdf
Q178069	07A.13.2.1.pdf
Q178456	07A.14.1.pdf
Q180082	07A.14.2.pdf
Q179779	07A.15.1.1.pdf
Q180360	07A.16.1.1.pdf
Q180241	07A.16.1.2.pdf
Q179094	07A.16.1.3.pdf
Q178301	07A.16.1.4.pdf
Q178450	07A.16.2.1.pdf
Q180079	07A.16.2.2.pdf
Q180256	07A.16.2.3.pdf
Q180351	07A.16.2.4.pdf
Q178089	07A.16.2.5.pdf
Q180151	07A.17.1.pdf
Q178761	07A.18.1.pdf
Q182996	07A.19.1.pdf
Q179203	07A.2.1.pdf
Q179232	07A.2.2.pdf
Q178918	07A.3.1.pdf
Q183139	07A.4.1.pdf
Q183090	07A.5.1.1.pdf
Q183080	07A.6.1.pdf
Q178499	07A.7.1.pdf
Q179987	07A.8.1.1.pdf
Q180283	07A.8.1.2.pdf
Q180077	07A.8.1.3.pdf
Q179261	07A.8.2.1.pdf
Q179928	07A.9.1.1.pdf
Q179231	07B.1.1.1.pdf
Q178745	07B.1.1.2.pdf
Q178389	07B.1.1.3.pdf
Q179496	07B.10.1.pdf
Q178023	07B.11.1.pdf
Q178915	07B.12.1.pdf
Q179507	07B.13.1.pdf
Q179376	07B.14.1.pdf
Q179840	07B.15.1.pdf
Q178378	07B.16.1.pdf
Q178587	07B.16.2.pdf
Q179818	07B.17.1.1.pdf
Q178750	07B.18.1.1.pdf
Q179422	07B.18.1.2.pdf
Q178275	07B.18.1.3.pdf
Q179161	07B.19.1.pdf
Q183055	07B.2.1.pdf
Q179342	07B.20.1.pdf
Q178730	07B.21.1.1.pdf
Q179488	07B.22.1.pdf
Q180012	07B.23.1.pdf
Q182954	07B.24.1.pdf
Q179800	07B.25.1.pdf
Q178266	07B.25.2.pdf
Q179441	07B.26.1.pdf
Q180286	07B.26.2.pdf
Q179744	07B.27.1.pdf
Q179226	07B.28.1.1.pdf
Q179074	07B.29.1.1.pdf
Q179372	07B.29.1.2.pdf
Q179337	07B.3.1.1.pdf
Q180310	07B.3.1.2.pdf
Q179028	07B.3.1.3.pdf
Q178112	07B.3.1.4.pdf
Q180366	07B.3.1.5.pdf
Q178714	07B.3.1.6.pdf
Q177973	07B.3.1.7.pdf
Q180064	07B.3.2.1.pdf
Q178439	07B.30.1.1.pdf
Q177922	07B.30.1.2.pdf
Q179668	07B.30.1.3.pdf
Q178613	07B.30.2.1.pdf
Q180061	07B.31.1.pdf
Q179535	07B.31.2.pdf
Q178781	07B.31.3.pdf
Q178853	07B.32.1.pdf
Q178195	07B.32.2.pdf
Q179789	07B.32.3.pdf
Q178207	07B.4.1.pdf
Q178820	07B.5.1.1.pdf
Q179417	07B.5.1.2.pdf
Q180353	07B.5.1.3.pdf
Q178219	07B.6.1.pdf
Q178267	07B.6.2.pdf
Q178359	07B.7.1.pdf
Q178367	07B.7.2.pdf
Q179281	07B.8.1.1.pdf
Q178044	07B.9.1.1.pdf
Q178818	07C.1.1.pdf
Q179809	07C.1.2.pdf
Q180350	07C.1.3.pdf
Q178103	07C.10.1.1.pdf
Q180334	07C.10.1.2.pdf
Q179543	07C.10.2.1.pdf
Q178941	07C.10.2.2.pdf
Q178550	07C.10.2.3.pdf
Q179193	07C.11.1.1.pdf
Q178754	07C.11.1.2.pdf
Q178022	07C.12.1.1.pdf
Q179242	07C.12.1.2.pdf
Q178979	07C.13.1.pdf
Q178737	07C.14.1.1.pdf
Q179117	07C.14.2.1.pdf
Q178209	07C.14.2.2.pdf
Q179244	07C.14.2.3.pdf
Q179331	07C.15.1.1.pdf
Q179927	07C.15.1.2.pdf
Q178256	07C.15.2.1.pdf
Q179984	07C.16.1.pdf
Q180070	07C.17.1.pdf
Q178137	07C.17.2.pdf
Q179325	07C.17.3.pdf
Q179042	07C.18.1.pdf
Q180525	07C.19.1.1.pdf
Q178758	07C.2.1.pdf
Q179977	07C.20.1.pdf
Q178334	07C.20.2.pdf
Q179173	07C.21.1.pdf
Q178094	07C.21.2.pdf
Q177992	07C.22.1.pdf
Q179428	07C.23.1.pdf
Q180157	07C.23.2.pdf
Q179016	07C.24.1.1.pdf
Q178081	07C.24.2.1.pdf
Q182997	07C.25.1.pdf
Q178870	07C.26.1.1.pdf
Q179631	07C.27.1.1.pdf
Q179584	07C.27.1.2.pdf
Q180136	07C.28.1.pdf
Q177914	07C.29.1.1.pdf
Q178316	07C.3.1.1.pdf
Q180110	07C.3.2.1.pdf
Q179619	07C.30.1.pdf
Q183024	07C.30.10.pdf
Q179534	07C.30.11.pdf
Q178436	07C.30.2.pdf
Q179329	07C.30.3.pdf
Q179757	07C.30.4.pdf
Q177901	07C.30.5.pdf
Q178341	07C.30.6.pdf
Q183281	07C.30.7.pdf
Q179947	07C.30.8.pdf
Q178046	07C.30.9.pdf
Q179940	07C.4.1.1.pdf
Q179609	07C.4.2.1.pdf
Q179147	07C.4.2.2.pdf
Q179895	07C.5.1.pdf
Q178294	07C.6.1.pdf
Q179696	07C.7.1.1.pdf
Q178938	07C.7.1.2.pdf
Q180362	07C.8.1.pdf
Q178232	07C.9.1.pdf
Q177890	07C.9.2.pdf
Q180176	07C.9.3.pdf
Q178370	07C.9.4.pdf
Q178157	07C.9.5.pdf
Q183106	07D.1.1.pdf
Q183099	07D.1.2.pdf
Q178413	08A.10.1.pdf
Q178784	08A.10.2.pdf
Q179685	08A.11.1.pdf
Q180331	08A.12.1.1.pdf
Q179973	08A.13.1.1.pdf
Q178842	08A.13.1.2.pdf
Q179069	08A.13.1.3.pdf
Q178269	08A.13.1.4.pdf
Q179756	08A.13.1.5.pdf
Q178519	08A.13.1.6.pdf
Q179899	08A.13.2.1.pdf
Q179608	08A.13.2.2.pdf
Q178639	08A.14.1.pdf
Q178665	08A.15.1.1.pdf
Q178903	08A.16.1.1.pdf
Q177894	08A.16.2.1.pdf
Q178366	08A.17.1.pdf
Q178457	08A.17.2.pdf
Q180152	08A.18.1.pdf
Q179464	08A.19.1.1.pdf
Q178713	08A.19.2.1.pdf
Q178041	08A.2.1.1.pdf
Q179917	08A.2.2.1.pdf
Q178068	08A.20.1.1.pdf
Q178265	08A.20.1.2.pdf
Q180380	08A.20.1.3.pdf
Q178994	08A.20.1.4.pdf
Q179393	08A.20.1.5.pdf
Q177931	08A.20.1.6.pdf
Q179407	08A.20.1.7.pdf
Q178407	08A.20.1.8.pdf
Q180207	08A.20.1.9.pdf
Q177994	08A.20.2.1.pdf
Q179669	08A.20.2.2.pdf
Q178181	08A.20.2.3.pdf
Q179703	08A.20.2.4.pdf
Q179248	08A.20.2.5.pdf
Q177903	08A.20.2.6.pdf
Q179654	08A.21.1.pdf
Q180385	08A.22.1.pdf
Q182889	08A.23.1.pdf
Q178824	08A.3.1.1.pdf
Q180065	08A.3.2.1.pdf
Q182938	08A.4.1.pdf
Q178732	08A.5.1.pdf
Q178765	08A.5.2.pdf
Q178658	08A.5.3.pdf
Q177915	08A.5.4.pdf
Q178885	08A.6.1.pdf
Q178474	08A.7.1.1.pdf
Q180372	08A.7.2.1.pdf
Q178368	08A.8.1.1.pdf
Q179145	08A.9.1.pdf
Q182991	08B.1.1.pdf
Q177964	08B.10.1.1.pdf
Q179454	08B.10.1.2.pdf
Q178476	08B.10.1.3.pdf
Q179766	08B.11.1.pdf
Q180163	08B.12.1.pdf
Q179839	08B.13.1.pdf
Q178644	08B.13.2.pdf
Q179586	08B.14.1.pdf
Q180028	08B.15.1.pdf
Q178537	08B.16.1.pdf
Q179479	08B.17.1.pdf
Q178065	08B.17.2.pdf
Q178401	08B.17.3.pdf
Q178115	08B.18.1.pdf
Q180104	08B.19.1.1.pdf
Q178822	08B.19.1.2.pdf
Q178479	08B.19.1.3.pdf
Q178079	08B.19.1.4.pdf
Q182950	08B.2.1.pdf
Q178180	08B.20.1.pdf
Q179001	08B.21.1.pdf
Q178427	08B.22.1.pdf
Q179911	08B.23.1.pdf
Q179278	08B.24.1.pdf
Q178674	08B.25.1.1.pdf
Q179597	08B.26.1.1.pdf
Q178874	08B.26.2.1.pdf
Q178272	08B.27.1.pdf
Q179500	08B.27.2.pdf
Q180221	08B.28.1.1.pdf
Q179517	08B.29.1.pdf
Q179811	08B.3.1.1.pdf
Q180005	08B.30.1.pdf
Q180193	08B.31.1.pdf
Q178174	08B.31.2.pdf
Q180612	08B.32.1.pdf
Q179993	08B.33.1.pdf
Q179315	08B.34.1.pdf
Q178352	08B.34.2.pdf
Q179093	08B.35.1.pdf
Q179572	08B.35.2.pdf
Q179959	08B.35.3.pdf
Q183183	08B.35.4.pdf
Q177956	08B.4.1.pdf
Q179966	08B.5.1.pdf
Q178061	08B.6.1.pdf
Q178508	08B.7.1.1.pdf
Q177911	08B.8.1.pdf
Q178540	08B.9.1.pdf
Q178743	08B.9.2.pdf
Q182999	08C.1.1.pdf
Q178964	08C.10.1.pdf
Q179943	08C.11.1.1.pdf
Q178944	08C.12.1.1.pdf
Q178882	08C.12.2.1.pdf
Q179178	08C.12.2.2.pdf
Q180257	08C.12.2.3.pdf
Q179114	08C.13.1.pdf
Q179575	08C.14.1.pdf
Q180113	08C.14.2.pdf
Q179547	08C.14.3.pdf
Q177966	08C.14.4.pdf
Q178631	08C.15.1.pdf
Q178664	08C.16.1.pdf
Q180186	08C.16.2.pdf
Q179514	08C.17.1.pdf
Q178723	08C.18.1.pdf
Q178533	08C.18.2.pdf
Q179914	08C.19.1.1.pdf
Q179603	08C.2.1.pdf
Q179794	08C.20.1.pdf
Q183228	08C.21.1.pdf
Q177957	08C.22.1.pdf
Q180073	08C.23.1.1.pdf
Q178261	08C.24.1.pdf
Q182926	08C.25.1.pdf
Q178600	08C.26.1.1.pdf
Q178724	08C.27.1.1.pdf
Q178709	08C.27.1.2.pdf
Q179958	08C.27.1.3.pdf
Q178611	08C.28.1.pdf
Q179099	08C.29.1.pdf
Q179465	08C.3.1.1.pdf
Q179665	08C.3.1.2.pdf
Q177880	08C.3.1.3.pdf
Q177938	08C.3.2.1.pdf
Q177989	08C.30.1.pdf
Q178076	08C.31.1.pdf
Q179577	08C.31.2.pdf
Q178059	08C.31.3.pdf
Q177858	08C.31.4.pdf
Q179457	08C.31.5.pdf
Q180022	08C.31.6.pdf
Q178319	08C.31.7.pdf
Q183171	08C.31.8.pdf
Q183214	08C.31.9.pdf
Q180311	08C.4.1.1.pdf
Q178554	08C.4.1.2.pdf
Q179446	08C.5.1.pdf
Q180247	08C.6.1.1.pdf
Q179426	08C.7.1.pdf
Q179419	08C.8.1.pdf
Q178477	08C.8.2.pdf
Q179768	08C.8.3.pdf
Q177946	08C.8.4.pdf
Q180234	08C.9.1.1.pdf
Q178297	08C.9.1.2.pdf
Q179583	08C.9.2.1.pdf
Q178875	08C.9.2.2.pdf
Q178481	08C.9.2.3.pdf
Q179284	08C.9.2.4.pdf
Q178060	08C.9.2.5.pdf
Q183125	08D.1.1.pdf
Q178656	08D.1.2.pdf
Q178687	08D.2.1.pdf
Q183110	08entrada.pdf
Q182860	09A.1.1.pdf
Q178949	09A.10.1.pdf
Q179014	09A.11.1.pdf
Q178722	09A.12.1.1.pdf
Q178961	09A.12.2.1.pdf
Q178943	09A.12.2.2.pdf
Q177986	09A.12.2.3.pdf
Q178084	09A.12.3.1.pdf
Q179348	09A.13.1.pdf
Q178657	09A.14.1.pdf
Q179643	09A.15.1.pdf
Q179067	09A.16.1.1.pdf
Q179672	09A.17.1.pdf
Q179025	09A.17.2.pdf
Q180128	09A.18.1.pdf
Q179103	09A.18.2.pdf
Q179455	09A.18.3.pdf
Q178459	09A.18.4.pdf
Q179961	09A.19.1.1.pdf
Q179163	09A.19.1.2.pdf
Q178591	09A.19.2.1.pdf
Q183075	09A.2.1.pdf
Q183190	09A.2.2.pdf
Q178168	09A.20.1.pdf
Q179593	09A.21.1.1.pdf
Q177975	09A.21.1.2.pdf
Q178556	09A.21.1.3.pdf
Q178538	09A.21.1.4.pdf
Q178228	09A.21.1.5.pdf
Q179734	09A.21.2.1.pdf
Q179179	09A.21.2.2.pdf
Q179251	09A.21.2.3.pdf
Q180213	09A.21.2.4.pdf
Q179925	09A.22.1.pdf
Q178164	09A.23.1.pdf
Q180182	09A.24.1.pdf
Q179292	09A.25.1.pdf
Q182896	09A.25.2.pdf
Q178253	09A.25.3.pdf
Q180204	09A.25.4.pdf
Q182955	09A.25.5.pdf
Q178946	09A.3.1.1.pdf
Q182948	09A.4.1.pdf
Q183246	09A.5.1.pdf
Q177983	09A.6.1.pdf
Q178241	09A.6.2.pdf
Q177939	09A.7.1.1.pdf
Q179830	09A.7.2.1.pdf
Q179420	09A.8.1.1.pdf
Q179508	09A.9.1.pdf
Q183149	09B.1.1.pdf
Q179821	09B.10.1.pdf
Q179224	09B.11.1.pdf
Q179522	09B.12.1.pdf
Q178841	09B.12.2.pdf
Q177941	09B.13.1.pdf
Q178114	09B.14.1.pdf
Q178856	09B.15.1.pdf
Q179999	09B.15.2.pdf
Q179870	09B.16.1.1.pdf
Q178779	09B.16.1.2.pdf
Q179699	09B.17.1.1.pdf
Q179601	09B.17.1.2.pdf
Q179314	09B.17.2.1.pdf
Q180365	09B.18.1.pdf
Q178496	09B.19.1.pdf
Q183140	09B.2.1.pdf
Q178428	09B.20.1.1.pdf
Q179526	09B.20.2.1.pdf
Q182865	09B.21.1.pdf
Q178240	09B.22.1.1.pdf
Q178388	09B.23.1.pdf
Q180168	09B.24.1.1.pdf
Q179687	09B.25.1.pdf
Q179886	09B.25.2.pdf
Q179088	09B.26.1.pdf
Q180096	09B.27.1.pdf
Q179574	09B.27.2.pdf
Q179043	09B.28.1.pdf
Q183242	09B.28.2.pdf
Q178005	09B.28.3.pdf
Q183124	09B.28.4.pdf
Q179297	09B.3.1.pdf
Q178861	09B.4.1.1.pdf
Q178017	09B.5.1.pdf
Q179263	09B.6.1.1.pdf
Q179747	09B.7.1.pdf
Q179151	09B.8.1.pdf
Q179708	09B.9.1.1.pdf
Q178683	09B.9.1.2.pdf
Q179308	09B.9.1.3.pdf
Q178766	09B.9.1.4.pdf
Q178218	09B.9.2.1.pdf
Q178227	09C.1.1.pdf
Q179302	09C.1.2.pdf
Q180147	09C.10.1.1.pdf
Q179115	09C.11.1.pdf
Q178789	09C.11.2.pdf
Q179227	09C.11.3.pdf
Q178412	09C.11.4.pdf
Q178802	09C.12.1.1.pdf
Q177864	09C.12.1.2.pdf
Q179539	09C.12.2.1.pdf
Q179510	09C.13.1.pdf
Q179406	09C.14.1.1.pdf
Q178495	09C.15.1.pdf
Q179397	09C.16.1.pdf
Q178166	09C.17.1.pdf
Q179444	09C.18.1.1.pdf
Q180132	09C.18.1.2.pdf
Q180029	09C.18.1.3.pdf
Q179440	09C.18.2.1.pdf
Q179934	09C.18.2.2.pdf
Q179994	09C.19.1.pdf
Q183021	09C.2.1.pdf
Q178376	09C.20.1.pdf
Q180295	09C.20.2.pdf
Q179136	09C.21.1.pdf
Q178604	09C.22.1.pdf
Q180447	09C.22.2.pdf
Q180448	09C.22.2.pdf
Q178434	09C.23.1.pdf
Q178110	09C.24.1.pdf
Q178511	09C.24.2.pdf
Q180446	09C.25.1.1.pdf
Q178972	09C.27.1.pdf
Q180167	09C.28.1.1.pdf
Q179083	09C.28.1.2.pdf
Q179741	09C.28.2.1.pdf
Q180354	09C.28.2.2.pdf
Q183262	09C.29.1.pdf
Q183309	09C.29.2.pdf
Q180613	09C.3.1.pdf
Q180428	09C.30.1.pdf
Q180412	09C.31.1.pdf
Q180409	09C.32.1.1.pdf
Q180439	09C.32.1.2.pdf
Q180441	09C.32.2.1.pdf
Q180413	09C.33.1.pdf
Q180421	09C.34.1.pdf
Q180434	09C.34.2.pdf
Q180418	09C.34.3.pdf
Q180408	09C.35.1.1.pdf
Q180445	09C.35.2.1.pdf
Q180437	09C.36.1.pdf
Q180443	09C.36.10.pdf
Q180440	09C.36.11.pdf
Q180424	09C.36.12.pdf
Q180432	09C.36.13.pdf
Q180426	09C.36.14.pdf
Q180415	09C.36.15.pdf
Q180442	09C.36.16.pdf
Q180407	09C.36.17.pdf
Q183289	09C.36.18.pdf
Q180444	09C.36.2.pdf
Q180417	09C.36.3.pdf
Q180423	09C.36.4.pdf
Q180414	09C.36.5.pdf
Q180411	09C.36.6.pdf
Q183287	09C.36.7.pdf
Q180422	09C.36.8.pdf
Q180419	09C.36.9.pdf
Q179649	09C.4.1.pdf
Q178196	09C.4.2.pdf
Q179493	09C.5.1.pdf
Q179951	09C.6.1.pdf
Q180461	09C.7.1.1.pdf
Q179277	09C.8.1.1.pdf
Q178214	09C.8.2.1.pdf
Q178925	09C.8.2.2.pdf
Q177950	09C.9.1.pdf
Q182897	09D.1.1.pdf
Q179862	09D.1.2.pdf
Q182980	09D.2.1.pdf
Q183078	09D.3.pdf
Q183194	09D.4.pdf
Q180463	10A.1.1.1.pdf
Q180520	10A.1.1.2.pdf
Q180453	10A.10.1.pdf
Q180513	10A.11.1.1.pdf
Q180472	10A.11.1.2.pdf
Q180562	10A.11.2.1.pdf
Q180545	10A.11.2.2.pdf
Q180544	10A.11.3.1.pdf
Q180547	10A.12.1.1.pdf
Q180505	10A.12.1.2.pdf
Q180504	10A.12.1.3.pdf
Q180605	10A.12.2.1.pdf
Q180527	10A.13.1.pdf
Q180492	10A.13.2.pdf
Q180585	10A.13.3.pdf
Q180558	10A.14.1.1.pdf
Q180457	10A.15.1.1.pdf
Q180535	10A.16.1.pdf
Q180540	10A.16.2.pdf
Q180599	10A.16.3.pdf
Q180467	10A.17.1.pdf
Q180471	10A.18.1.1.pdf
Q180552	10A.18.1.2.pdf
Q180514	10A.19.1.pdf
Q180462	10A.19.2.pdf
Q183317	10A.2.1.pdf
Q180597	10A.20.1.1.pdf
Q180479	10A.20.2.1.pdf
Q180542	10A.21.1.1.pdf
Q180495	10A.21.1.2.pdf
Q180465	10A.21.1.3.pdf
Q180500	10A.21.1.4.pdf
Q180604	10A.21.2.1.pdf
Q180478	10A.21.2.2.pdf
Q180591	10A.22.1.pdf
Q180600	10A.23.1.pdf
Q183321	10A.23.2.pdf
Q180587	10A.23.3.pdf
Q183306	10A.23.4.pdf
Q180566	10A.3.1.1.pdf
Q180581	10A.3.2.1.pdf
Q183312	10A.4.1.pdf
Q183305	10A.5.1.1.pdf
Q183311	10A.5.1.2.pdf
Q183301	10A.6.1.pdf
Q180477	10A.7.1.1.pdf
Q180611	10A.7.1.2.pdf
Q180534	10A.7.2.1.pdf
Q180602	10A.7.2.2.pdf
Q180607	10A.8.1.1.pdf
Q180593	10A.8.2.1.pdf
Q180580	10A.8.2.2.pdf
Q180503	10A.9.1.pdf
Q180458	10A.9.2.pdf
Q183316	10B.1.1.pdf
Q180589	10B.10.1.pdf
Q180588	10B.11.1.pdf
Q180509	10B.11.2.pdf
Q180568	10B.11.3.pdf
Q180584	10B.12.1.pdf
Q180494	10B.13.1.pdf
Q180512	10B.14.1.pdf
Q180571	10B.14.2.pdf
Q180543	10B.15.1.pdf
Q180590	10B.16.1.pdf
Q180592	10B.17.1.pdf
Q180536	10B.18.1.1.pdf
Q180594	10B.19.1.1.pdf
Q180526	10B.19.1.2.pdf
Q180549	10B.19.1.3.pdf
Q180498	10B.2.1.1.pdf
Q180533	10B.2.1.2.pdf
Q180563	10B.2.1.3.pdf
Q180565	10B.20.1.pdf
Q180484	10B.21.1.pdf
Q180450	10B.22.1.pdf
Q180564	10B.23.1.pdf
Q180537	10B.23.2.pdf
Q180578	10B.24.1.pdf
Q180489	10B.24.2.pdf
Q180596	10B.24.3.pdf
Q180560	10B.25.1.pdf
Q180551	10B.25.2.pdf
Q180483	10B.26.1.pdf
Q180499	10B.27.1.pdf
Q180522	10B.28.1.pdf
Q180496	10B.29.1.pdf
Q180529	10B.3.1.pdf
Q180538	10B.30.1.pdf
Q183308	10B.30.2.pdf
Q183323	10B.30.3.pdf
Q183319	10B.30.4.pdf
Q180598	10B.4.1.pdf
Q180576	10B.4.2.pdf
Q180487	10B.5.1.pdf
Q180569	10B.6.1.pdf
Q180539	10B.7.1.pdf
Q180507	10B.8.1.pdf
Q180561	10B.9.1.pdf
Q180459	10C.1.1.pdf
Q180468	10C.10.1.pdf
Q180454	10C.11.1.1.pdf
Q180482	10C.11.2.1.pdf
Q180491	10C.11.2.2.pdf
Q180583	10C.12.1.pdf
Q180546	10C.12.2.pdf
Q180574	10C.12.3.pdf
Q180556	10C.12.4.pdf
Q180451	10C.12.5.pdf
Q180610	10C.13.1.pdf
Q180488	10C.14.1.pdf
Q180550	10C.15.1.1.pdf
Q180452	10C.16.1.1.pdf
Q180511	10C.16.1.2.pdf
Q180506	10C.16.2.1.pdf
Q180531	10C.16.2.2.pdf
Q180554	10C.17.1.pdf
Q180456	10C.18.1.1.pdf
Q180582	10C.18.2.1.pdf
Q180575	10C.19.1.pdf
Q183310	10C.2.1.pdf
Q180476	10C.20.1.pdf
Q180528	10C.21.1.pdf
Q180570	10C.22.1.pdf
Q180510	10C.22.2.pdf
Q180481	10C.23.1.1.pdf
Q183314	10C.24.1.pdf
Q183313	10C.24.2.pdf
Q180573	10C.25.1.1.pdf
Q180517	10C.26.1.1.pdf
Q180480	10C.26.2.1.pdf
Q183315	10C.27.1.pdf
Q183320	10C.27.2.pdf
Q180470	10C.28.1.1.pdf
Q180455	10C.29.1.pdf
Q180603	10C.3.1.pdf
Q180524	10C.30.1.pdf
Q180516	10C.31.1.pdf
Q183300	10C.32.1.1.pdf
Q180464	10C.32.1.10.pdf
Q180501	10C.32.1.11.pdf
Q180474	10C.32.1.12.pdf
Q180541	10C.32.1.13.pdf
Q180519	10C.32.1.2.pdf
Q180579	10C.32.1.3.pdf
Q180508	10C.32.1.4.pdf
Q180497	10C.32.1.5.pdf
Q180460	10C.32.1.6.pdf
Q180532	10C.32.1.7.pdf
Q180530	10C.32.1.8.pdf
Q180606	10C.32.2.1.pdf
Q180493	10C.32.2.10.pdf
Q180485	10C.32.2.2.pdf
Q180567	10C.32.2.3.pdf
Q180608	10C.32.2.4.pdf
Q180609	10C.32.2.4.pdf
Q180577	10C.32.2.5.pdf
Q180523	10C.32.2.7.pdf
Q180557	10C.32.2.8.pdf
Q180466	10C.32.2.9.pdf
Q180515	10C.4.1.pdf
Q180555	10C.4.2.pdf
Q180553	10C.5.1.pdf
Q180502	10C.6.1.pdf
Q180469	10C.7.1.pdf
Q180473	10C.8.1.pdf
Q180559	10C.8.2.pdf
Q180490	10C.9.1.1.pdf
Q180486	10C.9.2.1.pdf
Q180475	10D.1.1.pdf
Q180595	10D.1.2.pdf
Q180601	10D.1.3.pdf
Q183318	10D.2.1.pdf
Q180521	10D.2.2.pdf
Q180586	10D.2.3.pdf
Q180518	10D.2.4.pdf
Q183307	10Entrada.pdf
Q183283	11A.1.1.pdf
Q180391	11A.10.1.pdf
Q180397	11A.11.1.pdf
Q180405	11A.12.1.pdf
Q180399	11A.13.1.pdf
Q180396	11A.14.1.1.pdf
Q180393	11A.15.1.pdf
Q180402	11A.16.1.pdf
Q180392	11A.16.2.pdf
Q180394	11A.17.1.pdf
Q180395	11A.18.1.1.pdf
Q180406	11A.19.1.pdf
Q180741	11A.19.2.pdf
Q183285	11A.2.1.pdf
Q180740	11A.20.1.pdf
Q180736	11A.20.2.pdf
Q180614	11A.21.1.1.pdf
Q180615	11A.22.1.pdf
Q180616	11A.22.2.pdf
Q180617	11A.23.1.pdf
Q180618	11A.23.2.pdf
Q180619	11A.23.3.pdf
Q180620	11A.23.4.pdf
Q180621	11A.24.1.1.pdf
Q180742	11A.24.1.10.pdf
Q180622	11A.24.1.2.pdf
Q180623	11A.24.1.3.pdf
Q180624	11A.24.1.4.pdf
Q180625	11A.24.1.5.pdf
Q180626	11A.24.1.6.pdf
Q180627	11A.24.1.7.pdf
Q180628	11A.24.1.8.pdf
Q180629	11A.24.1.9.pdf
Q180630	11A.24.2.1.pdf
Q180631	11A.24.2.2.pdf
Q180632	11A.24.2.3.pdf
Q180633	11A.25.1.pdf
Q180634	11A.25.2.pdf
Q180635	11A.26.1.pdf
Q180636	11A.26.2.pdf
Q180637	11A.27.1.pdf
Q180638	11A.27.2.pdf
Q183325	11A.27.3.pdf
Q180400	11A.3.1.1.pdf
Q180404	11A.3.2.1.pdf
Q183284	11A.4.1.pdf
Q180398	11A.5.1.1.pdf
Q183346	11A.6.1.pdf
Q180390	11A.7.1.pdf
Q180449	11A.8.1.pdf
Q180735	11A.9.1.1.pdf
Q180401	11A.9.1.2.pdf
Q180403	11A.9.1.3.pdf
Q183326	11B.1.1.pdf
Q180648	11B.10.1.pdf
Q180649	11B.11.1.pdf
Q180650	11B.12.1.pdf
Q180651	11B.13.1.pdf
Q180652	11B.14.1.pdf
Q180653	11B.14.2.pdf
Q180654	11B.15.1.1.pdf
Q180655	11B.16.1.pdf
Q180656	11B.17.1.pdf
Q180657	11B.18.1.pdf
Q183328	11B.19.1.pdf
Q183327	11B.2.1.pdf
Q180658	11B.20.1.1.pdf
Q180659	11B.21.1.1.pdf
Q180660	11B.21.1.2.pdf
Q180661	11B.21.2.1.pdf
Q180662	11B.22.1.pdf
Q180663	11B.23.1.1.pdf
Q180664	11B.24.1.pdf
Q180665	11B.24.2.pdf
Q180666	11B.25.1.pdf
Q180667	11B.25.2.pdf
Q180668	11B.26.1.pdf
Q180669	11B.27.1.pdf
Q180670	11B.28.1.pdf
Q180671	11B.29.1.pdf
Q180672	11B.29.2.pdf
Q180639	11B.3.1.pdf
Q180640	11B.4.1.pdf
Q180641	11B.5.1.pdf
Q180642	11B.5.2.pdf
Q180643	11B.6.1.pdf
Q180644	11B.7.1.pdf
Q180645	11B.8.1.pdf
Q180646	11B.9.1.1.pdf
Q180647	11B.9.1.2.pdf
Q180673	11C.1.1.pdf
Q180674	11C.1.2.pdf
Q180689	11C.10.1.1.pdf
Q180690	11C.10.2.1.pdf
Q180691	11C.11.1.pdf
Q180692	11C.12.1.1.pdf
Q180693	11C.13.1.pdf
Q180694	11C.13.2.pdf
Q180695	11C.14.1.1.pdf
Q180696	11C.15.1.1.pdf
Q180697	11C.15.2.1.pdf
Q180698	11C.15.2.2.pdf
Q180699	11C.16.1.1.pdf
Q180700	11C.16.1.2.pdf
Q180701	11C.16.1.2.pdf
Q180702	11C.17.1.pdf
Q180997	11C.18.1.pdf
Q180703	11C.18.2.pdf
Q180743	11C.19.1.pdf
Q183329	11C.2.1.pdf
Q180744	11C.20.1.pdf
Q180737	11C.21.1.pdf
Q180704	11C.22.1.pdf
Q180705	11C.23.1.pdf
Q180706	11C.24.1.pdf
Q180707	11C.25.1.1.pdf
Q180708	11C.25.1.2.pdf
Q180709	11C.25.1.3.pdf
Q180710	11C.25.2.1.pdf
Q183331	11C.26.1.pdf
Q180711	11C.27.1.pdf
Q180712	11C.28.1.pdf
Q180745	11C.28.2.pdf
Q180713	11C.29.1.pdf
Q183330	11C.3.1.pdf
Q183332	11C.30.1.pdf
Q183333	11C.30.2.pdf
Q180714	11C.31.1.pdf
Q180715	11C.32.1.pdf
Q180716	11C.33.1.1.pdf
Q180717	11C.33.2.1.pdf
Q180718	11C.33.2.2.pdf
Q180719	11C.34.1.pdf
Q180720	11C.35.1.pdf
Q180721	11C.36.1.1.pdf
Q180722	11C.36.2.1.pdf
Q180738	11C.36.2.2.pdf
Q183334	11C.37.1.1.pdf
Q183335	11C.37.1.2.pdf
Q183336	11C.37.1.3.pdf
Q180746	11C.37.1.4.pdf
Q180723	11C.37.1.5.pdf
Q183343	11C.37.1.6.pdf
Q183337	11C.37.2.1.pdf
Q180730	11C.37.2.10.pdf
Q180731	11C.37.2.11.pdf
Q180724	11C.37.2.2.pdf
Q180725	11C.37.2.3.pdf
Q183338	11C.37.2.4.pdf
Q180726	11C.37.2.5.pdf
Q180727	11C.37.2.6.pdf
Q180728	11C.37.2.7.pdf
Q183339	11C.37.2.8.pdf
Q180729	11C.37.2.9.pdf
Q180675	11C.4.1.pdf
Q180676	11C.5.1.pdf
Q180677	11C.6.1.pdf
Q180678	11C.6.2.pdf
Q180679	11C.7.1.pdf
Q180680	11C.8.1.1.pdf
Q180681	11C.8.2.1.pdf
Q180682	11C.8.2.2.pdf
Q180683	11C.8.2.3.pdf
Q180684	11C.9.1.pdf
Q180685	11C.9.2.pdf
Q180686	11C.9.3.pdf
Q180687	11C.9.4.pdf
Q180688	11C.9.5.pdf
Q183340	11D.1.1.pdf
Q183341	11D.1.2.pdf
Q183342	11D.1.3.pdf
Q180739	11D.1.4.pdf
Q180732	11D.1.5.pdf
Q180733	11D.1.6.pdf
Q180734	11D.1.7.pdf
Q183288	11Entrada.pdf
Q183344	12-Entrada.pdf
Q183345	12A.1.1.pdf
Q180760	12A.10.1.1.pdf
Q180761	12A.10.2.1.pdf
Q180763	12A.11.1.pdf
Q180762	12A.11.2.2.pdf
Q180868	12A.11.2.pdf
Q180764	12A.11.3.pdf
Q180765	12A.12.1.pdf
Q180766	12A.13.1.pdf
Q180767	12A.13.2.pdf
Q180768	12A.14.1.1.pdf
Q180769	12A.14.1.2.pdf
Q180770	12A.14.2.1.pdf
Q180771	12A.15.1.pdf
Q180772	12A.15.2.pdf
Q180773	12A.16.1.pdf
Q180774	12A.16.2.pdf
Q180775	12A.17.1.pdf
Q180776	12A.18.1.1.pdf
Q180777	12A.19.1.1.pdf
Q180778	12A.19.1.2.pdf
Q180779	12A.19.1.3.pdf
Q180780	12A.19.1.4.pdf
Q180781	12A.19.1.5.pdf
Q180782	12A.19.2.1.pdf
Q180747	12A.2.1.1.pdf
Q180748	12A.2.2.1.pdf
Q180749	12A.3.1.1.pdf
Q180750	12A.3.2.1.pdf
Q180751	12A.4.1.pdf
Q180752	12A.5.1.1.pdf
Q180753	12A.5.2.1.pdf
Q180754	12A.5.2.2.pdf
Q180755	12A.5.2.3.pdf
Q180756	12A.6.1.pdf
Q180757	12A.7.1.pdf
Q180758	12A.8.1.pdf
Q180759	12A.9.1.pdf
Q183347	12B.1.1.pdf
Q180790	12B.10.1.pdf
Q180791	12B.11.1.pdf
Q180792	12B.12.1.pdf
Q180793	12B.13.1.pdf
Q180794	12B.14.1.pdf
Q180795	12B.15.1.pdf
Q180796	12B.16.1.pdf
Q180797	12B.16.2.pdf
Q180798	12B.17.1.pdf
Q180799	12B.18.1.1.pdf
Q180800	12B.18.1.2.pdf
Q180801	12B.18.2.1.pdf
Q180802	12B.18.2.2.pdf
Q180803	12B.19.1.pdf
Q180783	12B.2.1.pdf
Q180804	12B.21.1.pdf
Q180805	12B.21.2.pdf
Q180806	12B.22.1.pdf
Q180807	12B.23.1.pdf
Q180808	12B.24.1.1.pdf
Q180809	12B.25.1.pdf
Q180810	12B.26.1.pdf
Q180811	12B.27.1.pdf
Q180812	12B.27.2.pdf
Q180813	12B.27.3.pdf
Q180814	12B.27.4.pdf
Q180815	12B.27.5.pdf
Q180816	12B.27.6.pdf
Q180784	12B.4.1.pdf
Q180785	12B.5.1.pdf
Q180786	12B.6.1.pdf
Q180787	12B.7.1.pdf
Q180788	12B.8.1.pdf
Q180789	12B.9.1.pdf
Q180817	12C.1.1.pdf
Q180818	12C.1.2.pdf
Q180996	12C.10.1.pdf
Q180833	12C.10.2.pdf
Q180834	12C.11.1.pdf
Q180835	12C.11.2.pdf
Q180836	12C.12.1.pdf
Q180837	12C.13.1.1.pdf
Q180838	12C.13.1.2.pdf
Q180839	12C.14.1.pdf
Q180840	12C.14.2.pdf
Q180841	12C.15.1.pdf
Q180843	12C.17.1.1.pdf
Q180844	12C.17.1.2.pdf
Q180845	12C.17.2.1.pdf
Q180846	12C.18.1.1.pdf
Q180847	12C.19.1.pdf
Q183348	12C.2.1.pdf
Q180848	12C.20.1.pdf
Q180849	12C.21.1.pdf
Q180850	12C.21.2.pdf
Q183349	12C.22.1.pdf
Q180851	12C.23.1.1.pdf
Q183350	12C.24.1.pdf
Q183351	12C.24.2.pdf
Q180852	12C.25.1.pdf
Q180853	12C.26.1.pdf
Q180854	12C.27.1.pdf
Q183352	12C.28.1.1.pdf
Q180855	12C.28.1.2.pdf
Q180856	12C.28.1.3.pdf
Q180857	12C.28.1.4.pdf
Q180858	12C.28.1.5.pdf
Q183353	12C.28.1.6.pdf
Q180859	12C.28.2.1.pdf
Q180860	12C.28.2.2.pdf
Q180861	12C.28.2.3.pdf
Q180862	12C.28.2.4.pdf
Q180863	12C.28.2.5.pdf
Q180864	12C.28.2.6.pdf
Q180865	12C.28.2.7.pdf
Q183354	12C.28.2.8.pdf
Q180819	12C.3.1.pdf
Q180820	12C.3.1.pdf
Q180821	12C.4.2.pdf
Q180822	12C.5.1.pdf
Q180823	12C.6.1.pdf
Q180824	12C.7.1.1.pdf
Q180825	12C.7.1.2.pdf
Q180826	12C.8.1.pdf
Q180827	12C.9.1.1.pdf
Q180828	12C.9.2.1.pdf
Q180829	12C.9.2.2.pdf
Q180830	12C.9.2.3.pdf
Q180831	12C.9.2.4.pdf
Q180832	12C.9.2.5.pdf
Q183355	12D.1.1.pdf
Q183356	12D.2.1.pdf
Q180866	12D.2.2.pdf
Q180867	12D.2.3.pdf
Q183372	13A.1.1.pdf
Q183368	13A.1.2.pdf
Q180970	13A.10.1.1.pdf
Q180971	13A.11.1.pdf
Q180972	13A.11.2.pdf
Q180973	13A.11.3.pdf
Q180974	13A.12.1.pdf
Q180975	13A.13.1.pdf
Q180976	13A.14.1.pdf
Q180977	13A.14.2.pdf
Q180978	13A.15.1.1.pdf
Q180979	13A.15.1.2.pdf
Q180980	13A.15.2.1.pdf
Q180984	13A.16.1.pdf
Q180985	13A.17.1.pdf
Q180869	13A.17.2.pdf
Q180870	13A.17.3.pdf
Q180871	13A.18.1.pdf
Q180872	13A.19.1.1.pdf
Q180875	13A.19.1.2.pdf
Q180873	13A.19.1.3.pdf
Q180874	13A.19.1.4.pdf
Q180986	13A.19.1.5.pdf
Q180876	13A.19.1.6.pdf
Q180877	13A.19.1.7.pdf
Q180987	13A.19.2.1.pdf
Q180878	13A.19.2.2.pdf
Q180879	13A.19.2.3.pdf
Q180957	13A.2.1.1.pdf
Q180958	13A.2.1.2.pdf
Q180959	13A.2.1.3.pdf
Q180960	13A.2.1.4.pdf
Q180988	13A.20.1.pdf
Q180880	13A.21.1.pdf
Q180881	13A.22.1.pdf
Q180961	13A.3.1.pdf
Q180962	13A.4.1.pdf
Q183369	13A.5.1.pdf
Q180963	13A.6.1.pdf
Q180964	13A.7.1.pdf
Q180965	13A.7.2.pdf
Q180966	13A.8.1.pdf
Q180967	13A.9.1.1.pdf
Q180968	13A.9.2.1.pdf
Q180969	13A.9.2.2.pdf
Q183357	13B.1.1.pdf
Q183358	13B.1.2.pdf
Q180888	13B.10.1.pdf
Q180889	13B.11.1.1.pdf
Q180890	13B.11.1.2.pdf
Q180891	13B.12.1.pdf
Q180892	13B.13.1.pdf
Q180893	13B.14.1.pdf
Q180894	13B.15.1.pdf
Q180895	13B.16.1.pdf
Q180896	13B.17.1.1.pdf
Q180897	13B.17.1.2.pdf
Q180898	13B.17.1.3.pdf
Q180899	13B.18.1.pdf
Q180900	13B.18.2.pdf
Q180901	13B.18.3.pdf
Q180902	13B.19.1.pdf
Q180903	13B.19.2.pdf
Q183359	13B.2.1.pdf
Q183370	13B.20.1.pdf
Q180904	13B.21.1.1.pdf
Q180905	13B.21.1.2.pdf
Q180906	13B.22.1.pdf
Q180907	13B.23.1.1.pdf
Q180991	13B.24.1.pdf
Q180992	13B.25.1.pdf
Q180908	13B.26.1.pdf
Q183360	13B.26.2.pdf
Q180989	13B.3.1.pdf
Q180882	13B.4.1.pdf
Q180981	13B.5.1.pdf
Q180883	13B.6.1.pdf
Q180884	13B.7.1.pdf
Q180885	13B.7.2.pdf
Q180886	13B.7.3.pdf
Q180990	13B.8.1.pdf
Q180887	13B.9.1.pdf
Q180909	13C.1.1.pdf
Q180929	13C.10.1.pdf
Q180930	13C.11.1.pdf
Q180931	13C.12.1.pdf
Q180932	13C.13.1.pdf
Q180933	13C.13.1.pdf
Q180934	13C.14.1.pdf
Q180935	13C.15.1.1.pdf
Q180936	13C.15.1.2.pdf
Q180937	13C.15.2.1.pdf
Q180938	13C.15.2.3.pdf
Q180939	13C.15.2.3.pdf
Q180940	13C.16.1.pdf
Q180941	13C.17.1.pdf
Q180982	13C.18.1.pdf
Q180942	13C.19.1.pdf
Q180983	13C.19.2.pdf
Q180943	13C.19.3.pdf
Q180910	13C.2.1.pdf
Q183361	13C.20.1.pdf
Q180944	13C.21.1.pdf
Q183362	13C.22.1.pdf
Q180945	13C.23.1.pdf
Q180946	13C.24.1.1.pdf
Q180947	13C.24.2.1.pdf
Q180994	13C.25.1.pdf
Q180948	13C.26.1.pdf
Q180954	13C.26.2.pdf
Q183363	13C.27.1.1.pdf
Q180949	13C.27.1.2.pdf
Q180950	13C.27.1.3.pdf
Q183364	13C.27.1.4.pdf
Q180995	13C.27.2.1.pdf
Q180951	13C.27.2.2.pdf
Q180952	13C.27.2.3.pdf
Q180953	13C.27.2.4.pdf
Q180955	13C.27.2.5.pdf
Q183365	13C.27.2.6.pdf
Q180911	13C.3.1.pdf
Q180912	13C.3.2.pdf
Q180913	13C.3.3.pdf
Q180914	13C.3.4.pdf
Q180915	13C.4.1.1.pdf
Q180916	13C.4.1.2.pdf
Q180993	13C.5.1.pdf
Q180917	13C.5.2.pdf
Q180918	13C.5.3.pdf
Q180919	13C.6.1.pdf
Q180920	13C.7.1.pdf
Q180921	13C.8.1.pdf
Q180922	13C.8.2.pdf
Q180923	13C.8.3.pdf
Q180924	13C.8.4.pdf
Q180925	13C.8.5.pdf
Q180926	13C.9.1.1.pdf
Q180927	13C.9.1.2.pdf
Q180928	13C.9.1.3.pdf
Q180956	13D.1.1.pdf
Q183366	13D.2.pdf
Q183373	14A.1.1.1.pdf
Q183374	14A.1.2.1.pdf
Q183375	14A.1.2.2.pdf
Q181009	14A.10.1.pdf
Q181010	14A.10.2.pdf
Q181011	14A.10.3.pdf
Q181012	14A.11.1.pdf
Q181013	14A.12.1.pdf
Q181014	14A.13.1.1.pdf
Q181015	14A.13.1.2.pdf
Q181016	14A.13.2.1.pdf
Q181017	14A.13.3.1.pdf
Q181018	14A.13.3.2.pdf
Q181019	14A.14.1.pdf
Q181020	14A.14.2.pdf
Q181021	14A.14.3.pdf
Q181022	14A.15.1.pdf
Q181023	14A.16.1.pdf
Q181024	14A.16.2.pdf
Q181145	14A.17.1.pdf
Q181025	14A.18.1.1.pdf
Q181026	14A.18.1.2.pdf
Q181027	14A.18.1.3.pdf
Q181028	14A.19.1.pdf
Q183376	14A.2.1.pdf
Q183377	14A.2.2.pdf
Q181029	14A.20.1.1.pdf
Q181030	14A.20.1.2.pdf
Q181031	14A.20.1.3.pdf
Q181032	14A.20.1.4.pdf
Q181033	14A.20.1.5.pdf
Q181034	14A.20.1.6.pdf
Q181035	14A.20.1.7.pdf
Q181036	14A.20.2.1.pdf
Q181037	14A.20.2.2.pdf
Q181146	14A.20.2.3.pdf
Q181038	14A.21.1.pdf
Q181039	14A.22.1.pdf
Q181040	14A.22.2.pdf
Q183380	14A.23.1.pdf
Q181041	14A.23.2.pdf
Q181042	14A.23.3.pdf
Q180998	14A.3.1.1.pdf
Q180999	14A.3.1.2.pdf
Q181000	14A.3.1.3.pdf
Q181001	14A.3.1.4.pdf
Q181002	14A.3.2.1.pdf
Q183378	14A.4.1.1.pdf
Q183379	14A.4.2.1.pdf
Q181003	14A.5.1.pdf
Q181004	14A.6.1.pdf
Q181005	14A.7.1.pdf
Q181006	14A.8.1.1.pdf
Q181007	14A.8.2.1.pdf
Q181008	14A.9.1.pdf
Q183381	14B.1.1.pdf
Q183382	14B.1.1.pdf
Q181055	14B.10.1.1.pdf
Q181056	14B.10.1.2.pdf
Q181057	14B.11.1.pdf
Q181058	14B.12.1.pdf
Q181059	14B.13.1.pdf
Q181060	14B.14.1.pdf
Q181149	14B.15.1.pdf
Q181061	14B.15.2.pdf
Q181062	14B.15.3.pdf
Q181063	14B.16.1.pdf
Q181064	14B.17.1.pdf
Q181065	14B.18.1.pdf
Q181066	14B.19.1.pdf
Q181147	14B.2.1.pdf
Q181067	14B.20.1.pdf
Q181068	14B.20.2.pdf
Q181069	14B.21.1.pdf
Q181070	14B.22.1.pdf
Q181071	14B.23.1.1.pdf
Q181072	14B.24.1.pdf
Q181073	14B.25.1.pdf
Q181074	14B.26.1.pdf
Q181075	14B.27.1.pdf
Q181076	14B.28.1.pdf
Q181077	14B.28.2.pdf
Q181078	14B.28.3.pdf
Q181079	14B.28.4.pdf
Q181080	14B.29.1.pdf
Q181043	14B.3.1.pdf
Q181081	14B.30.1.pdf
Q181082	14B.30.2.pdf
Q181083	14B.30.3.pdf
Q181084	14B.30.4.pdf
Q183383	14B.30.5.pdf
Q181085	14B.30.6.pdf
Q181086	14B.30.7.pdf
Q181044	14B.4.1.pdf
Q181045	14B.4.2.pdf
Q181046	14B.5.1.pdf
Q181047	14B.6.1.1.pdf
Q181048	14B.6.2.1.pdf
Q181049	14B.6.2.2.pdf
Q181050	14B.7.1.pdf
Q181148	14B.8.1.pdf
Q181051	14B.8.2.pdf
Q181052	14B.8.3.pdf
Q181053	14B.9.1.pdf
Q181054	14B.9.2.pdf
Q181087	14C.1.1.pdf
Q181100	14C.10.1.pdf
Q181101	14C.11.1.pdf
Q181102	14C.11.2.pdf
Q181103	14C.11.3.pdf
Q181104	14C.11.4.pdf
Q181105	14C.12.1.1.pdf
Q181106	14C.12.1.2.pdf
Q181107	14C.12.1.3.pdf
Q181108	14C.12.2.1.pdf
Q181109	14C.12.2.2.pdf
Q181110	14C.13.1.pdf
Q181111	14C.14.1.1.pdf
Q181112	14C.14.2.1.pdf
Q181113	14C.15.1.pdf
Q181150	14C.16.1.pdf
Q181114	14C.16.2.pdf
Q181115	14C.17.1.pdf
Q181116	14C.17.2.pdf
Q181117	14C.18.1.pdf
Q181118	14C.19.1.pdf
Q181119	14C.19.2.pdf
Q183384	14C.2.1.pdf
Q181120	14C.20.1.pdf
Q181151	14C.21.1.pdf
Q181121	14C.22.1.pdf
Q181122	14C.22.2.pdf
Q181123	14C.23.1.pdf
Q183386	14C.24.1.pdf
Q181124	14C.25.1.pdf
Q183387	14C.26.1.pdf
Q181125	14C.27.1.pdf
Q181126	14C.28.1.pdf
Q181127	14C.29.1.pdf
Q181128	14C.29.2.pdf
Q183385	14C.3.1.pdf
Q181129	14C.30.1.1.pdf
Q183388	14C.30.1.2.pdf
Q181130	14C.30.1.3.pdf
Q181131	14C.30.1.4.pdf
Q181132	14C.30.1.5.pdf
Q181133	14C.30.1.6.pdf
Q183389	14C.30.1.7.pdf
Q181134	14C.30.2.1.pdf
Q181135	14C.30.2.2.pdf
Q181136	14C.30.2.3.pdf
Q181137	14C.30.2.4.pdf
Q181138	14C.30.2.5.pdf
Q181139	14C.30.2.6.pdf
Q181140	14C.30.2.7.pdf
Q181141	14C.30.2.8.pdf
Q181142	14C.30.2.9.pdf
Q181088	14C.4.1.pdf
Q181089	14C.5.1.1.pdf
Q181090	14C.5.2.1.pdf
Q181091	14C.5.2.2.pdf
Q181092	14C.5.2.3.pdf
Q181093	14C.5.2.4.pdf
Q181094	14C.6.1.1.pdf
Q181095	14C.7.1.pdf
Q181096	14C.7.2.pdf
Q181097	14C.7.3.pdf
Q181098	14C.8.1.pdf
Q181099	14C.9.1.pdf
Q183390	14D.1.1.pdf
Q183391	14D.1.2.pdf
Q181143	14D.2.1.pdf
Q181144	14D.2.2.pdf
Q183393	15A.1.1.pdf
Q183392	15A.1.2.pdf
Q183412	15A.1.2.pdf
Q181161	15A.10.1.pdf
Q181162	15A.11.1.pdf
Q181163	15A.11.2.pdf
Q181164	15A.11.3.pdf
Q181165	15A.12.1.pdf
Q181166	15A.12.2.pdf
Q181167	15A.13.1.1.pdf
Q181168	15A.13.2.1.pdf
Q181169	15A.14.1.1.pdf
Q181170	15A.14.1.2.pdf
Q181171	15A.14.2.1.pdf
Q181172	15A.14.2.2.pdf
Q181173	15A.14.2.3.pdf
Q181174	15A.15.1.pdf
Q181175	15A.16.1.1.pdf
Q181176	15A.16.2.1.pdf
Q181177	15A.16.2.2.pdf
Q181178	15A.17.1.pdf
Q181179	15A.18.1.pdf
Q181180	15A.19.1.1.pdf
Q181181	15A.19.2.1.pdf
Q181182	15A.19.2.2.pdf
Q183394	15A.2.1.pdf
Q181183	15A.20.1.pdf
Q181184	15A.21.1.pdf
Q181185	15A.22.1.pdf
Q181223	15A.22.1.pdf
Q181186	15A.23.1.pdf
Q181187	15A.24.1.1.pdf
Q181188	15A.24.1.2.pdf
Q181189	15A.24.1.3.pdf
Q181190	15A.24.1.4.pdf
Q181191	15A.24.2.1.pdf
Q181192	15A.24.2.2.pdf
Q181193	15A.24.2.3.pdf
Q181194	15A.25.1.pdf
Q181195	15A.26.1.pdf
Q181152	15A.3.1.1.pdf
Q181153	15A.3.1.2.pdf
Q181154	15A.3.1.3.pdf
Q181155	15A.3.2.1.pdf
Q181156	15A.3.2.2.pdf
Q183395	15A.4.1.pdf
Q181157	15A.5.1.pdf
Q183396	15A.6.1.1.pdf
Q183397	15A.7.1.pdf
Q183398	15A.7.2.pdf
Q181158	15A.8.1.1.pdf
Q181159	15A.9.1.pdf
Q181160	15A.9.2.pdf
Q181196	15B.1.1.pdf
Q181204	15B.10.1.pdf
Q181205	15B.10.2.pdf
Q181206	15B.10.3.pdf
Q181207	15B.11.1.pdf
Q181208	15B.12.1.pdf
Q181209	15B.12.2.pdf
Q181210	15B.14.1.pdf
Q181211	15B.15.1.pdf
Q181212	15B.16.1.1.pdf
Q181213	15B.17.1.pdf
Q181214	15B.18.1.1.pdf
Q181215	15B.18.1.2.pdf
Q181216	15B.18.1.3.pdf
Q181217	15B.18.2.1.pdf
Q181218	15B.18.2.2.pdf
Q181220	15B.19.1.pdf
Q183399	15B.2.1.pdf
Q181219	15B.20.1.pdf
Q181221	15B.20.2.pdf
Q181222	15B.21.1.pdf
Q181224	15B.23.1.pdf
Q181225	15B.24.1.1.pdf
Q181226	15B.25.1.1.pdf
Q181227	15B.25.1.2.pdf
Q181228	15B.26.1.pdf
Q181229	15B.27.1.1.pdf
Q181230	15B.28.1.1.pdf
Q181231	15B.29.1.pdf
Q181197	15B.3.1.1.pdf
Q181198	15B.3.2.1.pdf
Q181232	15B.30.1.pdf
Q181233	15B.31.1.pdf
Q181234	15B.32.1.pdf
Q181235	15B.32.2.pdf
Q181236	15B.33.1.pdf
Q181237	15B.33.2.pdf
Q181238	15B.33.3.pdf
Q181239	15B.34.1.pdf
Q181240	15B.35.1.pdf
Q181241	15B.35.2.pdf
Q183401	15B.35.3.pdf
Q183402	15B.35.4.pdf
Q181242	15B.35.6.pdf
Q181243	15B.35.6.pdf
Q183400	15B.4.1.pdf
Q181199	15B.5.1.pdf
Q181200	15B.6.1.pdf
Q181201	15B.7.1.pdf
Q181202	15B.8.1.pdf
Q181203	15B.9.1.pdf
Q183403	15C.1.1.pdf
Q183404	15C.1.2.pdf
Q181265	15C.10.1.pdf
Q181266	15C.11.1.pdf
Q181267	15C.12.1.1.pdf
Q181268	15C.12.2.1.pdf
Q181269	15C.13.1.pdf
Q181270	15C.13.2.pdf
Q181271	15C.13.3.pdf
Q181272	15C.14.1.pdf
Q181273	15C.15.1.pdf
Q181274	15C.15.2.pdf
Q181275	15C.16.1.1.pdf
Q181276	15C.17.1.1.pdf
Q181277	15C.17.1.2.pdf
Q181278	15C.17.1.3.pdf
Q181279	15C.17.2.1.pdf
Q181280	15C.17.2.2.pdf
Q181281	15C.17.2.3.pdf
Q181282	15C.18.1.pdf
Q181283	15C.19.1.pdf
Q181284	15C.19.2.pdf
Q181244	15C.2.1.pdf
Q181285	15C.20.1.pdf
Q181286	15C.21.1.pdf
Q183405	15C.22.1.pdf
Q181287	15C.23.1.pdf
Q181288	15C.23.2.pdf
Q183406	15C.24.1.pdf
Q181289	15C.25.1.1.pdf
Q181290	15C.25.1.2.pdf
Q181291	15C.25.1.3.pdf
Q181292	15C.27.1.pdf
Q181293	15C.28.1.pdf
Q181294	15C.29.1.pdf
Q181295	15C.29.2.pdf
Q181296	15C.29.3.pdf
Q181297	15C.29.5.pdf
Q183407	15C.29.6.pdf
Q181245	15C.3.1.pdf
Q181246	15C.3.2.pdf
Q181247	15C.3.3.pdf
Q181248	15C.4.1.1.pdf
Q181249	15C.5.1.1.pdf
Q181250	15C.5.2.1.pdf
Q181251	15C.6.1.pdf
Q181252	15C.6.2.pdf
Q181253	15C.6.3.pdf
Q181254	15C.7.1.pdf
Q181255	15C.8.1.pdf
Q181256	15C.8.2.pdf
Q181257	15C.8.3.pdf
Q181258	15C.8.4.pdf
Q181259	15C.8.5.pdf
Q181260	15C.9.1.1.pdf
Q181261	15C.9.1.2.pdf
Q181262	15C.9.1.3.pdf
Q181263	15C.9.2.1.pdf
Q181264	15C.9.2.2.pdf
Q183408	15D.1.1..pdf
Q183409	15D.2.1.pdf
Q181298	15D.2.2.pdf
Q181300	15D.2.3.pdf
Q183410	15D.3.1.pdf
Q183411	15D.3.2.pdf
Q181301	15D.4.1.pdf
Q182340	16 B.11.1.pdf
Q183413	16A.1.1.pdf
Q181323	16A.10.1.1.pdf
Q181324	16A.10.2.1.pdf
Q181325	16A.10.2.2.pdf
Q181326	16A.11.1.pdf
Q181327	16A.11.2.pdf
Q181328	16A.11.3.pdf
Q181329	16A.11.4.pdf
Q181330	16A.12.1.pdf
Q181331	16A.12.2.pdf
Q181358	16A.12.2.pdf
Q181332	16A.13.1.pdf
Q181333	16A.13.2.pdf
Q181334	16A.13.3.pdf
Q181335	16A.13.4.pdf
Q181360	16A.14.1.pdf
Q181337	16A.15.2.pdf
Q181338	16A.16.1.pdf
Q181339	16A.16.2.pdf
Q181340	16A.16.3.pdf
Q181429	16A.17.1.pdf
Q181430	16A.18.1.pdf
Q181431	16A.19.1.1.pdf
Q181432	16A.19.1.2.pdf
Q181433	16A.19.1.3.pdf
Q181434	16A.19.1.4.pdf
Q181435	16A.19.1.5.pdf
Q181436	16A.19.1.6.pdf
Q181437	16A.19.1.7.pdf
Q181438	16A.19.2.1.pdf
Q181439	16A.19.2.2.pdf
Q181440	16A.19.2.3.pdf
Q181441	16A.19.2.4.pdf
Q183414	16A.2.1.pdf
Q183415	16A.2.2.pdf
Q181442	16A.20.1.pdf
Q181443	16A.20.2.pdf
Q181447	16A.20.3.pdf
Q181444	16A.21.1.pdf
Q181636	16A.22.1.pdf
Q181445	16A.22.2.pdf
Q181446	16A.22.3.pdf
Q181302	16A.3.1.1.pdf
Q181303	16A.3.1.2.pdf
Q181304	16A.3.1.3.pdf
Q181305	16A.3.1.4.pdf
Q181306	16A.4.1.pdf
Q181307	16A.4.2.pdf
Q181308	16A.4.3.pdf
Q181309	16A.4.4.pdf
Q181310	16A.4.5.pdf
Q181311	16A.4.6.pdf
Q181312	16A.4.7.pdf
Q181313	16A.4.8.pdf
Q181314	16A.4.9.pdf
Q181315	16A.5.1.pdf
Q181316	16A.6.1.pdf
Q181317	16A.7.1.pdf
Q181318	16A.8.1.1.pdf
Q181319	16A.8.2.1.pdf
Q181320	16A.9.1.pdf
Q181321	16A.9.1.pdf
Q181322	16A.9.2.pdf
Q183416	16B.1.1.pdf
Q181354	16B.10.1.pdf
Q181355	16B.10.2.pdf
Q181356	16B.11.2.pdf
Q181357	16B.12.1.pdf
Q181359	16B.13.1.pdf
Q181361	16B.15.1.pdf
Q181362	16B.16.1.1.pdf
Q181363	16B.16.1.2.pdf
Q181364	16B.16.1.3.pdf
Q181365	16B.16.2.1.pdf
Q181366	16B.16.2.2.pdf
Q181367	16B.17.1.pdf
Q181368	16B.18.1.pdf
Q181369	16B.19.1.pdf
Q181341	16B.2.1.pdf
Q181342	16B.2.2.pdf
Q181370	16B.20.1.1.pdf
Q181371	16B.20.1.2.pdf
Q181372	16B.21.1.pdf
Q181373	16B.21.2.pdf
Q181374	16B.22.1.pdf
Q181375	16B.22.2.pdf
Q181376	16B.22.3.pdf
Q181377	16B.22.4.pdf
Q181378	16B.22.5.pdf
Q183417	16B.22.6.pdf
Q181343	16B.3.1.pdf
Q181344	16B.4.1.pdf
Q181345	16B.5.1.pdf
Q181346	16B.6.1.pdf
Q181347	16B.7.1.pdf
Q181348	16B.7.2.pdf
Q181349	16B.7.3.pdf
Q181350	16B.8.1.pdf
Q181351	16B.9.1.1.pdf
Q181352	16B.9.1.2.pdf
Q181353	16B.9.1.3.pdf
Q181336	16B.9.15.1.pdf
Q183418	16C.1.1.pdf
Q181398	16C.10.1.pdf
Q181399	16C.11.1.1.pdf
Q181400	16C.12.1.pdf
Q181401	16C.13.1.pdf
Q181402	16C.13.2.pdf
Q181403	16C.13.3.pdf
Q181404	16C.14.1.pdf
Q181405	16C.14.2.pdf
Q181406	16C.14.3.pdf
Q181407	16C.15.1.1.pdf
Q181408	16C.16.1.1.pdf
Q181409	16C.16.1.2.pdf
Q181410	16C.16.1.3.pdf
Q181411	16C.16.2.1.pdf
Q181415	16C.16.2.1.pdf
Q181412	16C.17.1.pdf
Q181413	16C.18.1.pdf
Q181414	16C.19.1.pdf
Q181379	16C.2.1.pdf
Q183419	16C.21.1.pdf
Q183420	16C.22.1.pdf
Q183421	16C.22.2.pdf
Q183422	16C.22.3.pdf
Q181416	16C.23.1.pdf
Q181417	16C.24.1.pdf
Q181418	16C.25.1.pdf
Q181419	16C.26.1.pdf
Q181420	16C.26.2.pdf
Q181421	16C.27.1.1.pdf
Q181422	16C.27.1.2.pdf
Q181423	16C.27.1.3.pdf
Q181424	16C.27.1.4.pdf
Q181425	16C.27.1.5.pdf
Q181426	16C.27.1.8.pdf
Q181448	16C.27.2.1.pdf
Q181456	16C.27.2.10.pdf
Q181449	16C.27.2.2.pdf
Q183423	16C.27.2.3.pdf
Q181450	16C.27.2.4.pdf
Q181451	16C.27.2.5.pdf
Q181452	16C.27.2.6.pdf
Q181453	16C.27.2.6.pdf
Q181455	16C.27.2.6.pdf
Q181454	16C.27.2.8.pdf
Q181380	16C.3.1.pdf
Q181381	16C.3.2.pdf
Q181382	16C.3.3.pdf
Q181383	16C.3.4.pdf
Q181384	16C.4.1.1.pdf
Q181385	16C.5.1.pdf
Q181386	16C.5.2.pdf
Q181387	16C.6.1.1.pdf
Q181388	16C.6.2.1.pdf
Q181389	16C.7.1.pdf
Q181390	16C.7.2.pdf
Q181395	16C.7.2.pdf
Q181391	16C.8.1.pdf
Q181392	16C.8.2.pdf
Q181393	16C.8.3.pdf
Q181394	16C.8.4.pdf
Q181396	16C.9.1.2.pdf
Q181397	16C.9.1.3.pdf
Q183424	16D.1.1.pdf
Q183425	16D.2.1.pdf
Q181457	16D.2.2.pdf
Q181458	16D.3.1.pdf
Q183426	16D.3.2.pdf
Q183427	17A.1.1.pdf
Q181471	17A.10.1.pdf
Q181472	17A.10.2.pdf
Q181473	17A.11.1.pdf
Q181516	17A.11.2.pdf
Q181474	17A.12.1.pdf
Q181475	17A.13.1.1.pdf
Q181476	17A.13.1.2.pdf
Q181477	17A.13.1.3.pdf
Q181478	17A.13.2.1.pdf
Q181479	17A.13.3.1.pdf
Q181480	17A.14.1.1.pdf
Q181481	17A.14.2.1.pdf
Q181482	17A.14.2.2.pdf
Q181483	17A.15.1.pdf
Q181484	17A.16.1.pdf
Q181486	17A.18.1.pdf
Q181487	17A.19.1.pdf
Q183448	17A.2.1.pdf
Q181488	17A.20.1.pdf
Q181553	17A.20.1.pdf
Q181591	17A.20.1.pdf
Q181489	17A.20.2.pdf
Q181490	17A.20.3.pdf
Q181491	17A.20.4.pdf
Q181492	17A.20.5.pdf
Q181493	17A.20.6.pdf
Q181494	17A.20.7.pdf
Q181495	17A.21.1.1.pdf
Q181496	17A.21.1.2.pdf
Q181497	17A.21.1.3.pdf
Q181498	17A.21.1.4.pdf
Q181499	17A.21.1.5.pdf
Q181500	17A.21.1.6.pdf
Q181501	17A.21.1.7.pdf
Q181502	17A.21.2.1.pdf
Q181503	17A.21.2.2.pdf
Q181504	17A.21.2.2.pdf
Q181505	17A.21.2.2.pdf
Q181506	17A.21.2.3.pdf
Q181507	17A.21.2.4.pdf
Q181508	17A.21.2.5.pdf
Q181509	17A.22.1.pdf
Q181510	17A.22.2.pdf
Q181511	17A.22.3.pdf
Q183430	17A.23.1.pdf
Q181512	17A.23.2.pdf
Q181517	17A.23.3.pdf
Q181518	17A.23.4.pdf
Q181519	17A.23.5.pdf
Q181520	17A.23.6.pdf
Q181459	17A.3.1.1.pdf
Q181460	17A.3.1.2.pdf
Q181615	17A.3.1.3.pdf
Q181461	17A.3.2.1.pdf
Q181462	17A.3.2.2.pdf
Q181463	17A.3.2.3.pdf
Q181513	17A.4.1.pdf
Q181514	17A.4.2.pdf
Q181464	17A.4.3.pdf
Q181465	17A.4.4.pdf
Q181466	17A.4.5.pdf
Q181467	17A.4.6.pdf
Q181468	17A.4.7.pdf
Q181469	17A.4.8.pdf
Q183428	17A.5.1.pdf
Q183429	17A.6.1.1.pdf
Q181485	17A.7.1.pdf
Q181637	17A.8.1.pdf
Q181616	17A.8.2.pdf
Q181470	17A.8.3.pdf
Q181515	17A.9.1.pdf
Q181611	17B.1.1.pdf
Q181521	17B.1.2.pdf
Q181534	17B.10.1.pdf
Q181535	17B.10.2.pdf
Q181536	17B.10.3.pdf
Q181537	17B.11.1.pdf
Q181538	17B.12.1.pdf
Q181539	17B.13.1.pdf
Q181540	17B.13.2.pdf
Q181541	17B.14.1.pdf
Q181542	17B.15.1.1.pdf
Q181543	17B.15.1.2.pdf
Q181544	17B.15.1.3.pdf
Q181545	17B.15.1.4.pdf
Q181546	17B.15.2.1.pdf
Q181547	17B.15.2.2.pdf
Q181548	17B.15.2.3.pdf
Q181549	17B.16.1.pdf
Q181550	17B.17.1.pdf
Q181551	17B.18.1.pdf
Q181552	17B.19.1.pdf
Q181522	17B.2.1.pdf
Q181554	17B.21.1.1.pdf
Q181555	17B.22.1.pdf
Q181610	17B.22.1.pdf
Q183442	17B.23.1.pdf
Q181607	17B.24.1.pdf
Q181556	17B.25.1.pdf
Q183431	17B.26.1.pdf
Q181557	17B.26.2.pdf
Q181608	17B.26.3.pdf
Q181558	17B.26.4.pdf
Q181523	17B.3.1.1.pdf
Q181524	17B.3.1.2.pdf
Q181525	17B.3.2.1.pdf
Q181526	17B.4.1.pdf
Q181527	17B.4.2.pdf
Q181528	17B.4.3.pdf
Q181529	17B.5.1.pdf
Q181530	17B.6.1.pdf
Q181531	17B.7.1.pdf
Q181532	17B.8.1.pdf
Q181533	17B.9.1.pdf
Q183432	17C.1.1.pdf
Q181570	17C.10.1.pdf
Q181571	17C.11.1.pdf
Q181572	17C.11.2.pdf
Q181573	17C.11.3.pdf
Q181574	17C.11.4.pdf
Q181575	17C.11.5.pdf
Q181576	17C.11.6.pdf
Q181577	17C.11.7.pdf
Q181578	17C.11.8.pdf
Q181579	17C.11.9.pdf
Q181580	17C.12.1.1.pdf
Q181581	17C.12.2.1.pdf
Q181582	17C.13.1.1.pdf
Q181583	17C.13.2.1.pdf
Q181584	17C.14.1.pdf
Q181585	17C.15.1.pdf
Q181586	17C.15.2.pdf
Q181587	17C.15.3.pdf
Q181588	17C.16.1.pdf
Q181617	17C.17.1.pdf
Q181589	17C.18.1.pdf
Q181590	17C.19.1.pdf
Q183433	17C.2.1.pdf
Q181609	17C.21.1.pdf
Q181592	17C.24.1.1.pdf
Q183435	17C.25.1.pdf
Q183436	17C.25.2.pdf
Q181614	17C.26.1.1.pdf
Q181593	17C.27.1.pdf
Q181613	17C.27.2.pdf
Q181594	17C.27.3.pdf
Q181595	17C.27.4.pdf
Q181596	17C.28.1.pdf
Q181597	17C.29.1.1.pdf
Q181598	17C.29.1.2.pdf
Q181599	17C.29.1.3.pdf
Q181600	17C.29.1.4.pdf
Q181601	17C.29.1.5.pdf
Q181602	17C.29.1.6.pdf
Q183444	17C.29.1.7.pdf
Q183437	17C.29.1.8.pdf
Q183438	17C.29.1.8.pdf
Q181603	17C.29.2.1.pdf
Q181604	17C.29.2.2.pdf
Q181612	17C.29.2.3.pdf
Q183443	17C.29.2.4.pdf
Q183439	17C.29.2.5.pdf
Q181605	17C.29.2.6.pdf
Q183440	17C.29.2.7.pdf
Q183434	17C.3.1.pdf
Q181559	17C.4.1.pdf
Q181560	17C.5.1.1.pdf
Q181561	17C.5.2.1.pdf
Q181562	17C.5.2.2.pdf
Q181563	17C.6.1.1.pdf
Q181564	17C.6.1.2.pdf
Q181565	17C.7.1.1.pdf
Q181566	17C.7.2.1.pdf
Q181567	17C.7.2.2.pdf
Q181568	17C.8.1.pdf
Q181569	17C.9.1.pdf
Q183441	17D.1.1.pdf
Q183445	17D.2.1.pdf
Q183446	17D.2.2.pdf
Q183447	17D.3.1.pdf
Q181606	17D.3.2.pdf
Q183449	18A.1.1.pdf
Q181627	18A.10.1.pdf
Q181628	18A.10.1.pdf
Q181629	18A.11.1.pdf
Q181643	18A.12.1.pdf
Q181644	18A.13.1.1.pdf
Q181645	18A.13.1.2.pdf
Q181630	18A.14.1.1.pdf
Q181631	18A.14.1.2.pdf
Q181646	18A.14.1.3.pdf
Q181647	18A.14.2.1.pdf
Q181648	18A.14.2.2.pdf
Q181649	18A.15.1.pdf
Q181632	18A.16.1.pdf
Q181650	18A.16.2.pdf
Q181651	18A.16.3.pdf
Q181652	18A.17.1.pdf
Q181653	18A.18.1.pdf
Q181633	18A.19.1.pdf
Q181618	18A.2.1.1.pdf
Q181619	18A.2.2.1.pdf
Q181620	18A.2.2.2.pdf
Q181621	18A.2.2.3.pdf
Q181622	18A.2.3.1.pdf
Q181654	18A.20.1.pdf
Q181634	18A.20.2.pdf
Q181635	18A.21.1.pdf
Q181655	18A.21.2.pdf
Q181656	18A.21.3.pdf
Q181657	18A.21.4.pdf
Q181658	18A.21.5.pdf
Q181659	18A.22.1.1.pdf
Q181660	18A.22.1.2.pdf
Q181661	18A.22.1.3.pdf
Q181662	18A.22.1.4.pdf
Q181663	18A.22.2.1.pdf
Q181664	18A.22.2.2.pdf
Q181778	18A.22.2.3.pdf
Q181665	18A.22.2.4.pdf
Q181666	18A.22.2.5.pdf
Q181667	18A.23.1.pdf
Q181668	18A.24.1.pdf
Q181669	18A.24.2.pdf
Q181670	18A.24.3.pdf
Q181779	18A.24.4.pdf
Q181671	18A.25.1.pdf
Q183454	18A.26.1.pdf
Q181672	18A.26.2.pdf
Q183455	18A.26.3.pdf
Q181673	18A.26.4.pdf
Q183450	18A.3.1.pdf
Q181623	18A.4.1.pdf
Q181638	18A.4.2.pdf
Q181639	18A.4.3.pdf
Q181640	18A.4.4.pdf
Q181641	18A.4.5.pdf
Q181642	18A.4.6.pdf
Q183452	18A.5.1.pdf
Q183451	18A.5.2.pdf
Q183453	18A.6.1.pdf
Q181624	18A.7.1.pdf
Q181625	18A.7.2.pdf
Q181626	18A.8.1.pdf
Q181777	18A.9.1.pdf
Q183456	18B.1.1.pdf
Q181683	18B.10.1.1.pdf
Q181684	18B.10.1.2.pdf
Q181782	18B.11.1.1.pdf
Q181685	18B.11.2.1.pdf
Q181686	18B.11.2.2.pdf
Q181687	18B.12.1.pdf
Q181783	18B.13.1.pdf
Q181688	18B.13.2.pdf
Q181689	18B.14.1.pdf
Q181690	18B.15.1.1.pdf
Q181784	18B.16.1.pdf
Q181691	18B.17.1.pdf
Q181692	18B.18.1.1.pdf
Q181693	18B.19.1.1.pdf
Q181768	18B.19.1.2.pdf
Q181694	18B.19.1.3.pdf
Q181695	18B.19.2.1.pdf
Q181696	18B.19.2.2.pdf
Q183457	18B.2.1.pdf
Q181697	18B.20.1.pdf
Q181698	18B.21.1.pdf
Q181699	18B.22.1.pdf
Q181700	18B.22.2.pdf
Q181785	18B.23.1.1.pdf
Q181701	18B.24.1.1.pdf
Q181786	18B.25.1.pdf
Q181702	18B.26.1.pdf
Q181703	18B.27.1.pdf
Q181787	18B.28.1.1.pdf
Q181788	18B.28.1.2.pdf
Q181704	18B.28.1.3.pdf
Q183458	18B.28.2.1.pdf
Q181789	18B.28.2.2.pdf
Q181705	18B.28.2.3.pdf
Q183472	18B.28.2.4.pdf
Q181706	18B.28.2.5.pdf
Q181769	18B.28.3.1.pdf
Q183473	18B.28.3.2.pdf
Q181770	18B.28.3.3.pdf
Q181707	18B.28.3.4.pdf
Q183459	18B.28.3.5.pdf
Q183474	18B.28.3.6.pdf
Q181674	18B.3.1.pdf
Q181675	18B.4.1.pdf
Q181676	18B.5.1.1.pdf
Q181677	18B.5.1.2.pdf
Q181678	18B.5.2.1.pdf
Q181780	18B.5.2.2.pdf
Q181679	18B.6.1.pdf
Q181680	18B.7.1.pdf
Q181681	18B.8.1.pdf
Q181781	18B.8.2.pdf
Q181682	18B.9.1.pdf
Q183460	18C.1.1.pdf
Q183461	18C.1.2.pdf
Q181723	18C.10.1.1.pdf
Q181724	18C.10.1.2.pdf
Q181725	18C.10.1.3.pdf
Q181726	18C.10.1.4.pdf
Q181727	18C.10.1.5.pdf
Q183475	18C.10.2.1.pdf
Q181728	18C.11.1.1.pdf
Q181729	18C.12.1.1.pdf
Q181772	18C.12.2.1.pdf
Q181730	18C.13.1.1.pdf
Q181731	18C.13.2.1.pdf
Q181791	18C.14.1.pdf
Q181732	18C.15.1.pdf
Q181773	18C.16.1.pdf
Q181733	18C.17.1.pdf
Q181734	18C.18.1.1.pdf
Q181792	18C.18.2.1.pdf
Q181735	18C.19.1.1.pdf
Q181736	18C.19.1.2.pdf
Q181737	18C.19.1.3.pdf
Q181771	18C.2.1.pdf
Q181708	18C.2.2.pdf
Q181738	18C.20.1.pdf
Q181739	18C.21.1.pdf
Q181793	18C.22.1.pdf
Q181740	18C.23.1.pdf
Q181741	18C.24.1.pdf
Q181742	18C.24.2.pdf
Q183476	18C.24.3.pdf
Q181743	18C.25.1.pdf
Q181794	18C.25.2.pdf
Q181744	18C.25.3.pdf
Q181745	18C.25.4.pdf
Q181746	18C.26.1.pdf
Q181747	18C.27.1.pdf
Q181748	18C.27.2.pdf
Q181749	18C.27.3.pdf
Q183462	18C.28.1.pdf
Q183463	18C.29.1.pdf
Q183464	18C.29.2.pdf
Q181709	18C.3.1.1.pdf
Q181710	18C.3.2.1.pdf
Q181711	18C.3.2.2.pdf
Q181750	18C.30.1.pdf
Q181751	18C.31.1.1.pdf
Q181752	18C.32.1.pdf
Q181753	18C.32.2.1.pdf
Q181754	18C.32.2.2.pdf
Q181755	18C.33.1.pdf
Q183465	18C.34.1.1.pdf
Q183468	18C.34.1.10.pdf
Q181756	18C.34.1.2.pdf
Q181757	18C.34.1.3.pdf
Q181758	18C.34.1.4.pdf
Q183466	18C.34.1.5.pdf
Q181759	18C.34.1.6.pdf
Q181760	18C.34.1.7.pdf
Q181761	18C.34.1.8.pdf
Q181795	18C.34.1.9.pdf
Q181762	18C.34.2.1.pdf
Q181763	18C.34.2.2.pdf
Q181774	18C.34.2.3.pdf
Q181764	18C.34.2.4.pdf
Q181775	18C.34.2.5.pdf
Q181765	18C.34.2.6.pdf
Q181766	18C.34.2.7.pdf
Q181796	18C.34.2.8.pdf
Q183469	18C.34.2.9.pdf
Q181712	18C.4.1.pdf
Q181713	18C.5.1.pdf
Q181714	18C.5.2.pdf
Q181715	18C.6.1.pdf
Q181716	18C.7.1.pdf
Q181717	18C.7.2.pdf
Q181718	18C.7.3.pdf
Q181719	18C.7.4.pdf
Q181720	18C.8.1.pdf
Q181721	18C.9.1.pdf
Q181722	18C.9.2.pdf
Q181790	18C.9.3.pdf
Q183470	18D.1.1.pdf
Q183471	18D.1.2.pdf
Q183477	18D.2.2.pdf
Q181776	18D.3.1.pdf
Q181767	18D.3.2.pdf
Q183478	19A.1.1.pdf
Q181807	19A.10.1.1.pdf
Q181926	19A.10.2.1.pdf
Q181808	19A.10.2.2.pdf
Q181809	19A.11.1.1.pdf
Q181810	19A.12.1.pdf
Q181811	19A.13.1.pdf
Q181812	19A.14.1.pdf
Q181813	19A.15.1.1.pdf
Q181814	19A.15.1.2.pdf
Q181815	19A.15.2.1.pdf
Q181816	19A.16.1.1.pdf
Q181817	19A.16.1.2.pdf
Q181927	19A.16.1.3.pdf
Q181818	19A.16.1.4.pdf
Q181819	19A.16.1.5.pdf
Q181820	19A.16.2.1.pdf
Q181821	19A.16.2.2.pdf
Q181822	19A.17.1.pdf
Q181823	19A.18.1.pdf
Q181824	19A.19.1.pdf
Q183479	19A.2.1.pdf
Q183480	19A.2.2.pdf
Q183503	19A.20.1.pdf
Q181825	19A.21.1.pdf
Q181928	19A.22.1.pdf
Q183504	19A.22.2.pdf
Q181826	19A.23.1.pdf
Q181827	19A.24.1.pdf
Q181970	19A.24.1.pdf
Q181828	19A.24.2.pdf
Q181829	19A.25.1.pdf
Q181929	19A.26.1.pdf
Q181930	19A.26.2.pdf
Q181931	19A.26.3.pdf
Q181830	19A.26.4.pdf
Q181831	19A.27.1.1.pdf
Q181832	19A.28.1.pdf
Q181932	19A.28.1.pdf
Q181833	19A.29.1.1.pdf
Q181933	19A.29.1.2.pdf
Q181834	19A.29.1.3.pdf
Q181835	19A.29.1.4.pdf
Q181836	19A.29.1.5.pdf
Q181837	19A.29.1.6.pdf
Q181838	19A.29.1.7.pdf
Q181839	19A.29.1.8.pdf
Q181840	19A.29.2.1.pdf
Q181934	19A.29.2.1.pdf
Q181841	19A.29.2.3.pdf
Q181842	19A.29.2.4.pdf
Q181843	19A.29.2.5.pdf
Q181844	19A.29.2.6.pdf
Q183483	19A.29.2.7.pdf
Q181845	19A.29.2.8.pdf
Q181797	19A.3.1.1.pdf
Q181925	19A.3.1.2.pdf
Q181798	19A.3.2.1.pdf
Q181846	19A.30.1.pdf
Q181847	19A.31.1.pdf
Q181848	19A.32.1.pdf
Q181849	19A.32.2.pdf
Q181850	19A.32.3.pdf
Q181851	19A.33.1.pdf
Q181935	19A.33.2.pdf
Q183505	19A.34.1.1.pdf
Q183484	19A.34.2.1.pdf
Q181852	19A.34.2.2.pdf
Q183485	19A.34.2.3.pdf
Q183486	19A.34.2.4.pdf
Q181799	19A.4.1.pdf
Q181800	19A.4.2.pdf
Q181801	19A.4.3.pdf
Q181802	19A.4.4.pdf
Q183501	19A.5.1.1.pdf
Q183481	19A.6.1.pdf
Q183482	19A.6.2.pdf
Q183500	19A.6.3.pdf
Q183502	19A.6.4.pdf
Q181803	19A.7.1.pdf
Q181804	19A.8.1.pdf
Q181805	19A.8.2.pdf
Q181806	19A.9.1.1.pdf
Q181853	19A.9.2.1.pdf
Q181854	19B.1.1.pdf
Q181865	19B.10.1.pdf
Q181866	19B.11.1.pdf
Q181867	19B.12.1.pdf
Q181936	19B.13.1.pdf
Q181868	19B.14.1.pdf
Q181937	19B.15.1.pdf
Q181938	19B.16.1.pdf
Q181869	19B.17.1.pdf
Q181870	19B.18.1.1.pdf
Q181939	19B.18.2.1.pdf
Q181871	19B.19.1.1.pdf
Q181872	19B.19.1.2.pdf
Q181873	19B.19.2.1.pdf
Q181874	19B.19.2.2.pdf
Q183487	19B.2.1.pdf
Q181875	19B.20.1.pdf
Q181876	19B.21.1.pdf
Q181940	19B.22.1.pdf
Q181877	19B.23.1.1.pdf
Q181878	19B.23.1.2.pdf
Q181879	19B.23.1.3.pdf
Q181880	19B.23.2.1.pdf
Q181881	19B.23.2.2.pdf
Q181941	19B.23.2.3.pdf
Q181882	19B.23.2.4.pdf
Q183506	19B.24.1.pdf
Q181942	19B.25.1.pdf
Q181883	19B.25.2.pdf
Q181884	19B.26.1.pdf
Q181943	19B.27.1.pdf
Q181944	19B.28.1.1.pdf
Q181855	19B.3.1.pdf
Q181885	19B.31.1.pdf
Q181887	19B.31.1.pdf
Q181886	19B.32.1.pdf
Q181945	19B.33.2.pdf
Q181888	19B.34.1.pdf
Q181889	19B.35.1.1.pdf
Q181890	19B.35.1.2.pdf
Q181946	19B.35.1.3.pdf
Q183488	19B.35.2.1.pdf
Q181891	19B.35.2.2.pdf
Q181947	19B.35.2.3.pdf
Q181892	19B.35.2.4.pdf
Q181893	19B.35.2.5.pdf
Q183489	19B.35.2.6.pdf
Q181856	19B.4.1.pdf
Q181857	19B.4.2.pdf
Q181858	19B.5.1.pdf
Q181859	19B.6.1.pdf
Q181860	19B.7.1.pdf
Q181861	19B.7.2.pdf
Q181862	19B.8.1.1.pdf
Q181863	19B.8.1.2.pdf
Q181864	19B.8.1.3.pdf
Q181986	19B.9.1.pdf
Q183490	19C.1.1.pdf
Q181903	19C.10.1.pdf
Q181953	19C.10.1.pdf
Q181904	19C.11.1.1.pdf
Q181954	19C.11.2.1.pdf
Q181955	19C.11.2.2.pdf
Q181956	19C.11.2.3.pdf
Q181957	19C.12.1.1.pdf
Q181905	19C.12.2.1.pdf
Q181906	19C.12.2.2.pdf
Q181907	19C.13.1.pdf
Q181958	19C.14.1.pdf
Q181908	19C.14.2.pdf
Q181959	19C.15.1.pdf
Q181909	19C.15.2.pdf
Q181910	19C.16.1.1.pdf
Q181960	19C.16.2.1.pdf
Q181961	19C.17.1.pdf
Q181911	19C.18.1.1.pdf
Q181912	19C.18.1.2.pdf
Q181962	19C.18.2.1.pdf
Q181913	19C.18.2.2.pdf
Q181963	19C.19.1.1.pdf
Q182034	19C.19.1.2.pdf
Q181964	19C.19.1.3.pdf
Q183507	19C.2.1.pdf
Q183508	19C.2.2.pdf
Q181965	19C.20.1.pdf
Q181914	19C.20.2.pdf
Q181915	19C.21.1.pdf
Q181966	19C.21.2.pdf
Q181967	19C.21.2.pdf
Q181968	19C.22.1.pdf
Q181916	19C.22.2.pdf
Q181969	19C.23.1.pdf
Q181971	19C.25.1.1.pdf
Q181972	19C.25.1.2.pdf
Q181973	19C.26.1.1.pdf
Q183509	19C.27.1.pdf
Q183510	19C.27.2.pdf
Q181974	19C.28.1.1.pdf
Q181917	19C.29.1.pdf
Q181894	19C.3.1.pdf
Q181948	19C.3.2.pdf
Q181975	19C.30.1.1.pdf
Q181918	19C.30.1.2.pdf
Q181976	19C.30.1.3.pdf
Q181977	19C.30.2.1.pdf
Q183511	19C.31.1.pdf
Q183491	19C.31.2.pdf
Q183512	19C.31.3.pdf
Q183492	19C.31.4.pdf
Q181919	19C.32.1.pdf
Q181978	19C.33.1.1.pdf
Q181979	19C.33.1.2.pdf
Q181920	19C.33.1.3.pdf
Q181980	19C.34.1.pdf
Q181981	19C.34.1.pdf
Q181982	19C.34.1.pdf
Q181921	19C.35.1.pdf
Q183493	19C.36.1.1.pdf
Q183513	19C.36.1.2.pdf
Q183494	19C.36.1.3.pdf
Q183514	19C.36.1.4.pdf
Q181922	19C.36.1.5.pdf
Q183495	19C.36.1.6.pdf
Q183515	19C.36.1.7.pdf
Q181983	19C.36.2.1.pdf
Q181923	19C.36.2.2.pdf
Q183496	19C.36.2.3.pdf
Q181984	19C.36.2.4.pdf
Q183516	19C.36.2.5.pdf
Q183517	19C.36.2.6.pdf
Q181895	19C.4.1.pdf
Q181949	19C.4.2.pdf
Q181950	19C.4.3.pdf
Q181896	19C.5.1.pdf
Q181897	19C.6.1.pdf
Q181898	19C.6.2.pdf
Q181951	19C.7.1.1.pdf
Q181952	19C.7.1.2.pdf
Q181899	19C.8.1.1.pdf
Q181900	19C.8.2.1.pdf
Q181901	19C.8.2.2.pdf
Q181902	19C.9.1.pdf
Q183518	19D.1.1.pdf
Q183519	19D.1.2.pdf
Q183497	19D.2.1.pdf
Q183498	19D.2.2.pdf
Q183499	19D.2.3.pdf
Q181924	19D.2.4.pdf
Q181985	19D.2.5.pdf
Q183367	2013-Entrada.pdf
Q179825	82A111.pdf
Q180264	82A1110.pdf
Q183144	82A1111.pdf
Q178605	82A1112.pdf
Q178575	82A112.pdf
Q180323	82A113.pdf
Q180298	82A114.pdf
Q179986	82A115.pdf
Q177877	82A116.pdf
Q178003	82A117.pdf
Q178092	82A118.pdf
Q178149	82A119.pdf
Q180085	82A121.pdf
Q178134	82A122.pdf
Q183371	82A123.pdf
Q179505	82A124.pdf
Q179447	82A131.pdf
Q179130	82A132.pdf
Q178001	82A133.pdf
Q178116	82A134.pdf
Q178507	82A135.pdf
Q179909	82A136.pdf
Q178248	82A137.pdf
Q179992	82A138.pdf
Q183176	82A21.pdf
Q183270	82A22.pdf
Q183217	82A23.pdf
Q183231	82A31.pdf
Q182861	82A32.pdf
Q182868	82A33.pdf
Q183174	82B.pdf
Q183169	82C.pdf
Q183057	82D.pdf
Q183109	82E.pdf
Q178155	83A111.pdf
Q178950	83A112.pdf
Q178392	83A113.pdf
Q179836	83A114.pdf
Q179739	83A115.pdf
Q179127	83A116.pdf
Q178947	83A121.pdf
Q178483	83A122.pdf
Q179887	83A123.pdf
Q178741	83A124.pdf
Q180336	83A125.pdf
Q179095	83A126.pdf
Q178090	83A131.pdf
Q180278	83A132.pdf
Q179020	83A133.pdf
Q183121	83A134.pdf
Q180121	83A135.pdf
Q179262	83A136.pdf
Q178325	83A137.pdf
Q179045	83A138.pdf
Q183157	83A21.pdf
Q182963	83A221.pdf
Q183094	83A222.pdf
Q182892	83A223.pdf
Q182951	83A231.pdf
Q183091	83A232.pdf
Q180108	83A233.pdf
Q179303	83B111.pdf
Q183029	83B112.pdf
Q183274	83B113.pdf
Q183123	83B121.pdf
Q183092	83B131.pdf
Q183302	83B2.pdf
Q183303	83B2.pdf
Q183304	83B2.pdf
Q182978	83C.pdf
Q183030	83D.pdf
Q182869	83E.pdf
Q183070	83F.pdf
Q177925	84A111.pdf
Q179280	84A112.pdf
Q178201	84A113.pdf
Q179159	84A114.pdf
Q177918	84A115.pdf
Q179096	84A116.pdf
Q177944	84A117.pdf
Q177963	84A121.pdf
Q178959	84A122.pdf
Q179304	84A123.pdf
Q179521	84A124.pdf
Q177897	84A125.pdf
Q178912	84A126.pdf
Q180291	84A131.pdf
Q179755	84A132.pdf
Q183071	84A133.pdf
Q177949	84A134.pdf
Q178573	84A135.pdf
Q178991	84A136.pdf
Q179554	84A137.pdf
Q178443	84A138.pdf
Q179004	84A139.pdf
Q183020	84A21.pdf
Q182898	84A221.pdf
Q183068	84A222.pdf
Q182879	84A223.pdf
Q182943	84A224.pdf
Q182971	84A231.pdf
Q183158	84A232.pdf
Q183271	84A233.pdf
Q182953	84A234.pdf
Q183134	84B111.pdf
Q179461	84B1121.pdf
Q179183	84B1122.pdf
Q183280	84B12.pdf
Q183019	84B13.pdf
Q179333	84B1311.pdf
Q180049	84B1312.pdf
Q179108	84B1313.pdf
Q182923	84B1314.pdf
Q182920	84B2.pdf
Q183153	84C.pdf
Q182947	84D.pdf
Q183060	84E.pdf
Q183031	84F11.pdf
Q178414	84F121-bis.pdf
Q183034	84F121.pdf
Q183192	84F122.pdf
Q182872	84F13.pdf
Q179956	85A111.pdf
Q178568	85A112.pdf
Q179837	85A113.pdf
Q180173	85A114.pdf
Q178404	85A115.pdf
Q178271	85A116.pdf
Q179626	85A117.pdf
Q179215	85A118.pdf
Q179824	85A121.pdf
Q178542	85A1210.pdf
Q178727	85A1211.pdf
Q179831	85A122.pdf
Q179738	85A123.pdf
Q178235	85A124.pdf
Q177993	85A125.pdf
Q183216	85A126.pdf
Q178156	85A127.pdf
Q178222	85A131.pdf
Q179063	85A132.pdf
Q178306	85A133.pdf
Q178211	85A134.pdf
Q183000	85A135.pdf
Q178809	85A136.pdf
Q178965	85A137.pdf
Q179162	85A138.pdf
Q178074	85A139.pdf
Q183211	85A21.pdf
Q182867	85A221.pdf
Q182979	85A222.pdf
Q178729	85A223.pdf
Q183132	85A224.pdf
Q182857	85A225.pdf
Q179891	85A231.pdf
Q179137	85A232.pdf
Q179908	85A233.pdf
Q180338	85A234.pdf
Q179617	85A235.pdf
Q180035	85A236.pdf
Q179012	85A237.pdf
Q183243	85A238.pdf
Q183178	85B111.pdf
Q179005	85B1121.pdf
Q182864	85B12.pdf
Q178987	85B131.pdf
Q179102	85B132.pdf
Q179219	85B133.pdf
Q179523	85B134.pdf
Q178601	85B135.pdf
Q180076	85B136.pdf
Q183168	85B2.pdf
Q183298	85C.pdf
Q183299	85C.pdf
Q183294	85D.pdf
Q183295	85D.pdf
Q183292	85E.pdf
Q183293	85E.pdf
Q183084	85E1121.pdf
Q183296	85F.pdf
Q183297	85F.pdf
Q180233	86A111.pdf
Q179733	86A112.pdf
Q178042	86A113.pdf
Q179819	86A114.pdf
Q179238	86A115.pdf
Q180003	86A116.pdf
Q178505	86A117.pdf
Q179929	86A121.pdf
Q178863	86A122.pdf
Q178582	86A123.pdf
Q179040	86A124.pdf
Q183069	86A125.pdf
Q180122	86A126.pdf
Q178202	86A127.pdf
Q178813	86A128.pdf
Q180158	86A129.pdf
Q179480	86A131.pdf
Q178190	86A132.pdf
Q178647	86A133.pdf
Q180192	86A134.pdf
Q178093	86A135.pdf
Q183199	86A136.pdf
Q179032	86A137.pdf
Q180143	86A138.pdf
Q178755	86A139.pdf
Q183179	86A211.pdf
Q182876	86A212.pdf
Q183062	86A213.pdf
Q178205	86A214.pdf
Q183250	86A215.pdf
Q182883	86A221.pdf
Q183009	86A222.pdf
Q183207	86A223.pdf
Q182894	86A231.pdf
Q178547	86A232.pdf
Q182975	86B11.pdf
Q182899	86B12.pdf
Q178627	86B1311.pdf
Q180319	86B1312.pdf
Q178771	86B1313.pdf
Q183184	86B132.pdf
Q183133	86B2.pdf
Q183188	86C.pdf
Q183254	86D.pdf
Q182887	86E.pdf
Q183065	86F.pdf
Q182939	86G.pdf
Q180201	87A111.pdf
Q179431	87A112.pdf
Q178274	87A113.pdf
Q179833	87A114.pdf
Q178734	87A115.pdf
Q178431	87A116.pdf
Q178379	87A121.pdf
Q177856	87A122.pdf
Q178635	87A123.pdf
Q183156	87A124.pdf
Q178661	87A125.pdf
Q177962	87A126.pdf
Q178948	87A127.pdf
Q178544	87A131.pdf
Q178610	87A132.pdf
Q179904	87A133.pdf
Q179498	87A134.pdf
Q183086	87A135.pdf
Q180119	87A136.pdf
Q178008	87A137.pdf
Q180309	87A138.pdf
Q182906	87A21.pdf
Q183161	87A221.pdf
Q182893	87A222.pdf
Q182984	87A223.pdf
Q178990	87A224.pdf
Q179109	87A231.pdf
Q182928	87A232.pdf
Q179398	87B111a.pdf
Q183230	87B111b.pdf
Q182912	87B112.pdf
Q177927	87B1211.pdf
Q178085	87B1212.pdf
Q183173	87B122.pdf
Q183105	87B123.pdf
Q180333	87B1311.pdf
Q179548	87B1312.pdf
Q183152	87B2.pdf
Q183120	87C.pdf
Q182919	87D.pdf
Q183103	87E.pdf
Q183181	87F.pdf
Q183244	87G.pdf
Q177943	88IA111.pdf
Q179390	88IA112.pdf
Q178565	88IA113.pdf
Q178872	88IA114.pdf
Q178484	88IA115.pdf
Q178998	88IA121.pdf
Q183028	88IA131.pdf
Q182930	88IA132.pdf
Q179048	88IA211.pdf
Q180142	88IA212.pdf
Q183224	88IA213.pdf
Q178884	88IA214.pdf
Q179142	88IA215.pdf
Q179614	88IA216.pdf
Q180164	88IA221.pdf
Q179196	88IA222.pdf
Q177965	88IA223.pdf
Q183267	88IA231.pdf
Q183044	88IA232.pdf
Q179600	88IA233.pdf
Q180321	88IA234.pdf
Q179638	88IA235.pdf
Q179324	88IA311.pdf
Q179571	88IA312.pdf
Q179834	88IA313.pdf
Q179559	88IA314.pdf
Q179772	88IA315.pdf
Q178411	88IA316.pdf
Q179024	88IA317.pdf
Q177976	88IA318.pdf
Q180050	88IA321.pdf
Q179491	88IA322.pdf
Q179105	88IA323.pdf
Q183203	88IA324.pdf
Q182895	88IB11.pdf
Q178528	88IB211.pdf
Q178033	88IB212.pdf
Q180020	88IB213.pdf
Q179905	88IB214.pdf
Q180013	88IB215.pdf
Q179313	88IB216.pdf
Q178458	88IB217.pdf
Q182859	88IB221.pdf
Q178733	88IB231.pdf
Q179960	88IB232.pdf
Q182878	88IB241.pdf
Q182956	88IB242.pdf
Q178655	88IB251.pdf
Q182882	88IB252.pdf
Q178977	88IB253.pdf
Q179625	88IB261.pdf
Q179912	88IB262.pdf
Q179037	88IB263.pdf
Q179518	88IB264.pdf
Q183116	88IB271.pdf
Q183229	88IB272.pdf
Q179659	88IB311.pdf
Q178170	88IB312.pdf
Q180244	88IB321.pdf
Q179852	88IB322.pdf
Q179695	88IB323.pdf
Q178383	88IB343.pdf
Q183275	88II.pdf
Q183102	88III.pdf
Q183175	88IV.pdf
Q178396	89A111.pdf
Q178663	89A112.pdf
Q178532	89A113.pdf
Q179817	89A114.pdf
Q182931	89A115.pdf
Q179396	89A116.pdf
Q178541	89A121.pdf
Q179578	89A122.pdf
Q183213	89A131.pdf
Q183046	89A132.pdf
Q183162	89A133.pdf
Q183036	89A134.pdf
Q182942	89A135.pdf
Q178343	89A136.pdf
Q179769	89A211.pdf
Q178641	89A212.pdf
Q179882	89A213.pdf
Q178857	89A214.pdf
Q180271	89A215.pdf
Q179383	89A216.pdf
Q183118	89A221.pdf
Q180043	89A222.pdf
Q177907	89A231.pdf
Q183182	89A232.pdf
Q179413	89A311.pdf
Q180219	89A312.pdf
Q182937	89A313.pdf
Q178480	89A314.pdf
Q178199	89A321.pdf
Q178391	89A322.pdf
Q182875	89A331.pdf
Q182918	89A332.pdf
Q178634	89A333.pdf
Q178025	89A334.pdf
Q178902	89A335.pdf
Q183273	89A336.pdf
Q182977	89A337.pdf
Q183098	89A411.pdf
Q183114	89A412.pdf
Q180037	89B1111.pdf
Q179921	89B1112.pdf
Q183180	89B112.pdf
Q183256	89B113.pdf
Q183277	89B114.pdf
Q178578	89B1211.pdf
Q182962	89B1212.pdf
Q183112	89B122.pdf
Q183195	89B123.pdf
Q180093	89B131.pdf
Q178825	89B132.pdf
Q179200	89B2111.pdf
Q179365	89B2121.pdf
Q179132	89B2122.pdf
Q178988	89B2123.pdf
Q178922	89B2131.pdf
Q183088	89B2141.pdf
Q180059	89B2142.pdf
Q178847	89B2143.pdf
Q183097	89B2144.pdf
Q179293	89B2145.pdf
Q179801	89B2211.pdf
Q179867	89B2212.pdf
Q179788	89B3111.pdf
Q177857	89B3112.pdf
Q183245	89B312.pdf
Q182914	89B313.pdf
Q183054	89B314.pdf
Q183064	89B315.pdf
Q178080	89B3211.pdf
Q180375	89B3212.pdf
Q183223	89B322.pdf
Q182922	89B323.pdf
Q178692	89B3311.pdf
Q178442	89B3321.pdf
Q179409	89B3322.pdf
Q183146	89C.pdf
Q183040	89D.pdf
Q183212	89E.pdf
Q183248	89F.pdf
Q178829	90A111.pdf
Q178653	90A112.pdf
Q182884	90A113.pdf
Q179985	90A121.pdf
Q183014	90A131.pdf
Q183163	90A132.pdf
Q178406	90A133.pdf
Q182881	90A134.pdf
Q183324	90A135.pdf
Q183200	90A136.pdf
Q183137	90A137.pdf
Q177930	90A141.pdf
Q178036	90A211.pdf
Q180072	90A212.pdf
Q180066	90A213.pdf
Q177936	90A214.pdf
Q183226	90A215.pdf
Q179146	90A221.pdf
Q178764	90A222.pdf
Q180109	90A223.pdf
Q178815	90A231.pdf
Q178905	90A311.pdf
Q179381	90A3110.pdf
Q180358	90A312.pdf
Q178447	90A313.pdf
Q180251	90A314.pdf
Q183130	90A315.pdf
Q180229	90A316.pdf
Q178169	90A317.pdf
Q180034	90A318.pdf
Q178466	90A319.pdf
Q182990	90A321.pdf
Q178860	90A322.pdf
Q178828	90A323.pdf
Q179976	90A324.pdf
Q179826	90A325.pdf
Q183128	90A326.pdf
Q178596	90A327.pdf
Q179875	90A328.pdf
Q183221	90A331.pdf
Q178694	90B111.pdf
Q178811	90B121.pdf
Q180114	90B122.pdf
Q178284	90B131.pdf
Q179204	90B132.pdf
Q178570	90B211.pdf
Q178200	90B212.pdf
Q179439	90B213.pdf
Q179971	90B221.pdf
Q178293	90B222.pdf
Q179724	90B223.pdf
Q179019	90B231.pdf
Q180155	90B232.pdf
Q179416	90B233.pdf
Q180254	90B241.pdf
Q183115	90B242.pdf
Q179941	90B311.pdf
Q180218	90B321.pdf
Q178935	90B322.pdf
Q182901	90B323.pdf
Q179674	90B324.pdf
Q179888	90B325.pdf
Q179410	90B331.pdf
Q179706	90B332.pdf
Q180105	90B333.pdf
Q178039	90B334.pdf
Q183108	90B341.pdf
Q183101	90B342.pdf
Q179705	90B351.pdf
Q183026	90B3510.pdf
Q180306	90B352.pdf
Q180217	90B353.pdf
Q180313	90B354.pdf
Q179776	90B355.pdf
Q178037	90B356.pdf
Q182888	90B357.pdf
Q179764	90B358.pdf
Q179856	90B359.pdf
Q183135	90C.pdf
Q183252	90D.pdf
Q182988	90E.pdf
Q183290	90Entrada.pdf
Q183093	9102.pdf
Q180236	91A111.pdf
Q178976	91A112.pdf
Q178424	91A113.pdf
Q183011	91A114.pdf
Q183017	91A121.pdf
Q179002	91A122.pdf
Q178783	91A123.pdf
Q178992	91A124.pdf
Q179670	91A131.pdf
Q182916	91A132.pdf
Q183038	91A133.pdf
Q183263	91A134.pdf
Q178102	91A141.pdf
Q179710	91A211.pdf
Q178509	91A212.pdf
Q182921	91A213.pdf
Q178212	91A214.pdf
Q177987	91A221.pdf
Q179689	91A222.pdf
Q179139	91A231.pdf
Q180106	91A232.pdf
Q178354	91A311.pdf
Q179988	91A312.pdf
Q178051	91A313.pdf
Q180214	91A314.pdf
Q183322	91A315.pdf
Q178187	91A316.pdf
Q180226	91A317.pdf
Q179691	91A318.pdf
Q178712	91A321.pdf
Q178615	91A322.pdf
Q179820	91A331.pdf
Q178827	91A332.pdf
Q183052	91A333.pdf
Q183209	91A334.pdf
Q178515	91A335.pdf
Q178792	91A336.pdf
Q178678	91A341.pdf
Q180346	91A342.pdf
Q183237	91B111.pdf
Q182858	91B112.pdf
Q179456	91B121.pdf
Q178669	91B131.pdf
Q183227	91B132.pdf
Q178807	91B211.pdf
Q178896	91B212.pdf
Q179236	91B213.pdf
Q178088	91B214.pdf
Q179068	91B215.pdf
Q179473	91B216.pdf
Q179434	91B221.pdf
Q179520	91B222.pdf
Q178514	91B311.pdf
Q179435	91B312.pdf
Q178029	91B313.pdf
Q179636	91B321.pdf
Q179201	91B331.pdf
Q178239	91B332.pdf
Q178107	91B333.pdf
Q179533	91B334.pdf
Q178047	91B335.pdf
Q178832	91B336.pdf
Q177855	91B337.pdf
Q178184	91B338.pdf
Q179542	91B339.pdf
Q183264	91B341.pdf
Q183042	91B342.pdf
Q182989	91B351.pdf
Q183247	91B352.pdf
Q183143	91B353.pdf
Q183205	91C.pdf
Q182968	91D.pdf
Q182986	91E.pdf
Q183076	91F.pdf
Q179015	9202.pdf
Q180324	92A111.pdf
Q179323	92A112.pdf
Q183129	92A113.pdf
Q179039	92A121.pdf
Q182936	92A122.pdf
Q179206	92A123.pdf
Q180138	92A124.pdf
Q182944	92A131.pdf
Q180222	92A132.pdf
Q183083	92A133.pdf
Q183005	92A134.pdf
Q183043	92A135.pdf
Q179026	92A211.pdf
Q179283	92A2110.pdf
Q178801	92A2111.pdf
Q180296	92A212.pdf
Q179442	92A213.pdf
Q179848	92A214.pdf
Q179900	92A215.pdf
Q180047	92A216.pdf
Q183073	92A217.pdf
Q177869	92A218.pdf
Q178276	92A219.pdf
Q180348	92A221.pdf
Q178823	92A222.pdf
Q182885	92A223.pdf
Q179629	92A231.pdf
Q179433	92A232.pdf
Q179942	92A233.pdf
Q183147	92A234.pdf
Q183126	92A235.pdf
Q178213	92A236.pdf
Q180112	92A311.pdf
Q179541	92A312.pdf
Q178478	92A313.pdf
Q178614	92A314.pdf
Q183239	92A315.pdf
Q179861	92A316.pdf
Q183232	92A317.pdf
Q179469	92A318.pdf
Q178776	92A319.pdf
Q183013	92A321.pdf
Q178728	92A3210.pdf
Q178203	92A322.pdf
Q178148	92A323.pdf
Q179579	92A324.pdf
Q179549	92A325.pdf
Q182862	92A326.pdf
Q182993	92A327.pdf
Q179049	92A328.pdf
Q183191	92A329.pdf
Q179798	92A331.pdf
Q180144	92A332.pdf
Q179661	92A333.pdf
Q178866	92B111.pdf
Q179060	92B112.pdf
Q177974	92B113.pdf
Q180267	92B114.pdf
Q183202	92B115.pdf
Q177982	92B116.pdf
Q179729	92B117.pdf
Q183240	92B211.pdf
Q178108	92B212.pdf
Q183050	92B221.pdf
Q178958	92B311.pdf
Q178877	92B312.pdf
Q178471	92B313.pdf
Q179259	92B321.pdf
Q180255	92B322.pdf
Q178746	92B323.pdf
Q179279	92B331.pdf
Q179854	92B332.pdf
Q182958	92B333.pdf
Q178549	92B334.pdf
Q178705	92B335.pdf
Q183258	92C.pdf
Q179164	9301.pdf
Q178221	9302.pdf
Q179749	9303.pdf
Q178880	93A111.pdf
Q179187	93A112.pdf
Q178710	93A113.pdf
Q182924	93A114.pdf
Q178498	93A115.pdf
Q178503	93A121.pdf
Q183136	93A131.pdf
Q183131	93A132.pdf
Q178794	93A133.pdf
Q183113	93A134.pdf
Q179101	93A141.pdf
Q178014	93A211.pdf
Q180293	93A2110.pdf
Q180359	93A212.pdf
Q178703	93A213.pdf
Q182934	93A214.pdf
Q178980	93A215.pdf
Q179061	93A216.pdf
Q179647	93A217.pdf
Q178215	93A218.pdf
Q178177	93A219.pdf
Q179793	93A231.pdf
Q178055	93A232.pdf
Q178937	93A233.pdf
Q178467	93A311.pdf
Q178018	93A3110.pdf
Q178083	93A3111.pdf
Q178662	93A312.pdf
Q178924	93A313.pdf
Q180220	93A314.pdf
Q183261	93A315.pdf
Q183196	93A316.pdf
Q179296	93A317.pdf
Q183122	93A318.pdf
Q178752	93A319.pdf
Q183150	93A321.pdf
Q179466	93A322.pdf
Q180183	93A323.pdf
Q178698	93A324.pdf
Q182949	93A325.pdf
Q179391	93A326.pdf
Q179799	93A327.pdf
Q179750	93A331.pdf
Q179857	93A332.pdf
Q179913	93B111.pdf
Q179813	93B112.pdf
Q179842	93B113.pdf
Q180374	93B114.pdf
Q180200	93B115.pdf
Q180130	93B121.pdf
Q179778	93B131.pdf
Q182900	93B132.pdf
Q178688	93B133.pdf
Q179415	93B211.pdf
Q179221	93B212.pdf
Q182910	93B221.pdf
Q179309	93B222.pdf
Q179271	93B223.pdf
Q177972	93B224.pdf
Q178697	93B225.pdf
Q182911	93B231.pdf
Q178462	93B232.pdf
Q179267	93B311.pdf
Q179401	93B312.pdf
Q180088	93B313.pdf
Q179355	93B321.pdf
Q178400	93B322.pdf
Q178673	93B323.pdf
Q179731	93B324.pdf
Q180302	93B331.pdf
Q177910	93B332.pdf
Q178398	93B333.pdf
Q179212	93B334.pdf
Q178855	93B335.pdf
Q182952	93B336.pdf
Q183063	93C.pdf
Q179250	94001.pdf
Q180031	94002.pdf
Q178491	94003.pdf
Q179896	94A111.pdf
Q183138	94A112.pdf
Q180274	94A113.pdf
Q179218	94A114.pdf
Q178192	94A115.pdf
Q180370	94A116.pdf
Q179667	94A121.pdf
Q180384	94A131.pdf
Q178465	94A211.pdf
Q178172	94A212.pdf
Q177997	94A213.pdf
Q178708	94A214.pdf
Q180361	94A215.pdf
Q183193	94A216.pdf
Q178004	94A221.pdf
Q178804	94A311.pdf
Q182941	94A3110.pdf
Q178333	94A3111.pdf
Q179765	94A3112.pdf
Q180023	94A312.pdf
Q179119	94A313.pdf
Q178358	94A314.pdf
Q178152	94A315.pdf
Q183035	94A316.pdf
Q179437	94A317.pdf
Q179967	94A318.pdf
Q178916	94A319.pdf
Q178768	94A321.pdf
Q179148	94A322.pdf
Q183210	94A331.pdf
Q179208	94A332.pdf
Q179937	94A333.pdf
Q179949	94A334.pdf
Q178736	94A335.pdf
Q183066	94A336.pdf
Q180303	94A337.pdf
Q179181	94B111.pdf
Q180153	94B112.pdf
Q180363	94B113.pdf
Q180146	94B114.pdf
Q179188	94B121.pdf
Q183002	94B131.pdf
Q178670	94B132.pdf
Q177948	94B133.pdf
Q183127	94B134.pdf
Q179907	94B135.pdf
Q179133	94B136.pdf
Q178898	94B211.pdf
Q178087	94B221.pdf
Q178895	94B222.pdf
Q179080	94B223.pdf
Q180126	94B224.pdf
Q179780	94B225.pdf
Q182907	94B226.pdf
Q179246	94B227.pdf
Q178637	94B311.pdf
Q178000	94B312.pdf
Q179851	94B313.pdf
Q178105	94B314.pdf
Q177906	94B315.pdf
Q178646	94B316.pdf
Q180322	94B317.pdf
Q179545	94B318.pdf
Q178259	94B319.pdf
Q179347	94B321.pdf
Q178408	94B322.pdf
Q178735	94B323.pdf
Q178247	9501.pdf
Q179065	9502.pdf
Q178104	9503.pdf
Q180279	9504.pdf
Q178024	95A111.pdf
Q183197	95A121.pdf
Q183117	95A131.pdf
Q183151	95A132.pdf
Q183265	95A133.pdf
Q178344	95A211.pdf
Q178254	95A212.pdf
Q178953	95A213.pdf
Q179336	95A214.pdf
Q178830	95A215.pdf
Q179368	95A221.pdf
Q180042	95A311.pdf
Q179476	95A312.pdf
Q178908	95A313.pdf
Q178364	95A314.pdf
Q178721	95A315.pdf
Q178086	95A316.pdf
Q179946	95A317.pdf
Q179902	95A318.pdf
Q183037	95A319.pdf
Q178349	95A321.pdf
Q182983	95A322.pdf
Q178942	95A331.pdf
Q178617	95A332.pdf
Q177892	95A333.pdf
Q182886	95A334.pdf
Q182909	95A335.pdf
Q180388	95A336.pdf
Q179122	95A337.pdf
Q183154	95A338.pdf
Q182945	95A339.pdf
Q178360	95A341.pdf
Q179463	95A342.pdf
Q180180	95B111.pdf
Q178013	95B112.pdf
Q180139	95B113.pdf
Q179633	95B114.pdf
Q177968	95B115.pdf
Q178390	95B116.pdf
Q178020	95B117.pdf
Q177912	95B118.pdf
Q179485	95B131.pdf
Q179176	95B132.pdf
Q177883	95B133.pdf
Q179289	95B134.pdf
Q180242	95B135.pdf
Q183177	95B141.pdf
Q179288	95B211.pdf
Q179897	95B212.pdf
Q179860	95B213.pdf
Q178927	95B214.pdf
Q179240	95B221.pdf
Q180262	95B222.pdf
Q178355	95B223.pdf
Q180280	95B224.pdf
Q179553	95B231.pdf
Q178584	95B311.pdf
Q179841	95B312.pdf
Q178445	95B313.pdf
Q178679	95B314.pdf
Q178130	95B321.pdf
Q179356	95B322.pdf
Q179762	95B323.pdf
Q178628	95B324.pdf
Q179664	95B331.pdf
Q178685	95B332.pdf
Q179000	95B333.pdf
Q179989	95B334.pdf
Q179149	95B335.pdf
Q179671	95B336.pdf
Q178279	95B337.pdf
Q183259	95B338.pdf
Q178900	9601.pdf
Q178751	9602.pdf
Q178337	96A111.pdf
Q178015	96A112.pdf
Q179144	96A113.pdf
Q178045	96A114.pdf
Q183004	96A121.pdf
Q178309	96A122.pdf
Q179652	96A123.pdf
Q178973	96A124.pdf
Q178527	96A125.pdf
Q182973	96A131.pdf
Q180137	96A211.pdf
Q178845	96A212.pdf
Q178285	96A213.pdf
Q178871	96A214.pdf
Q183201	96A215.pdf
Q180141	96A216.pdf
Q183015	96A311.pdf
Q179581	96A3110.pdf
Q178536	96A3111.pdf
Q179815	96A3112.pdf
Q183145	96A312.pdf
Q182982	96A313.pdf
Q178440	96A314.pdf
Q179343	96A315.pdf
Q178836	96A316.pdf
Q179628	96A317.pdf
Q177861	96A318.pdf
Q179113	96A319.pdf
Q180327	96A321.pdf
Q180098	96A322.pdf
Q178671	96A323.pdf
Q178318	96A331.pdf
Q183172	96A332.pdf
Q179863	96A333.pdf
Q180231	96A334.pdf
Q178787	96A335.pdf
Q179666	96A336.pdf
Q180017	96A337.pdf
Q179075	96A338.pdf
Q183206	96A339.pdf
Q183251	96B111.pdf
Q178339	96B112.pdf
Q179728	96B113.pdf
Q179459	96B114.pdf
Q178270	96B115.pdf
Q183204	96B121.pdf
Q179031	96B1210.pdf
Q183160	96B122.pdf
Q178821	96B123.pdf
Q179552	96B124.pdf
Q178835	96B125.pdf
Q180140	96B126.pdf
Q180277	96B127.pdf
Q178453	96B128.pdf
Q180211	96B129.pdf
Q182891	96B131.pdf
Q182935	96B132.pdf
Q180081	96B141.pdf
Q179592	96B211.pdf
Q179202	96B212.pdf
Q180378	96B221.pdf
Q178429	96B222.pdf
Q179370	96B223.pdf
Q178314	96B224.pdf
Q179595	96B225.pdf
Q178504	96B226.pdf
Q178160	96B227.pdf
Q178304	96B228.pdf
Q179503	96B229.pdf
Q180177	96B231.pdf
Q178468	96B311.pdf
Q179802	96B312.pdf
Q183234	96B321.pdf
Q178808	96B322.pdf
Q180038	96B323.pdf
Q179371	96B324.pdf
Q179751	96B325.pdf
Q179112	96B326.pdf
Q178715	96B327.pdf
Q179796	96B328.pdf
Q179408	96B331.pdf
Q178010	96B341.pdf
Q180273	96B342.pdf
Q178579	96B343.pdf
Q180268	96B344.pdf
Q179395	96B345.pdf
Q180087	96B346.pdf
Q178100	96B347.pdf
Q178119	96B348.pdf
Q179213	96B349.pdf
Q182933	97A11.pdf
Q179411	97A12.pdf
Q178539	97A13.pdf
Q179256	97A14.pdf
Q178303	97A21.pdf
Q180252	97A31.pdf
Q180368	97B111.pdf
Q179923	97B112.pdf
Q179438	97B113.pdf
Q178030	97B114.pdf
Q183047	97B121.pdf
Q178426	97B122.pdf
Q183142	97B131.pdf
Q183257	97B132.pdf
Q180099	97B211.pdf
Q177898	97B212.pdf
Q179062	97B213.pdf
Q178224	97B214.pdf
Q179646	97B215.pdf
Q182987	97B216.pdf
Q179635	97B221.pdf
Q183001	97B311.pdf
Q183268	97B312.pdf
Q177985	97B313.pdf
Q180265	97B314.pdf
Q179640	97B315.pdf
Q178402	97B316.pdf
Q179034	97B317.pdf
Q183059	97B318.pdf
Q179072	97B319.pdf
Q180030	97B321.pdf
Q180282	97B322.pdf
Q180294	97B323.pdf
Q178208	97B331.pdf
Q183167	97B332.pdf
Q180199	97B333.pdf
Q179317	97B334.pdf
Q179781	97B335.pdf
Q178650	97B336.pdf
Q180276	97B337.pdf
Q179644	97B338.pdf
Q177863	97B339.pdf
Q178125	97B341.pdf
Q183185	97D111.pdf
Q179013	97D112.pdf
Q178521	97D113.pdf
Q178790	97D114.pdf
Q182974	97D121.pdf
Q179877	97D1210.pdf
Q179316	97D1211.pdf
Q179970	97D1212.pdf
Q179021	97D1213.pdf
Q179335	97D1214.pdf
Q179427	97D1215.pdf
Q182915	97D122.pdf
Q177873	97D123.pdf
Q179270	97D124.pdf
Q180340	97D125.pdf
Q180248	97D126.pdf
Q178913	97D127.pdf
Q179471	97D128.pdf
Q180290	97D129.pdf
Q183007	97D131.pdf
Q182959	97D141.pdf
Q180212	97D142.pdf
Q178888	97D143.pdf
Q178598	97D144.pdf
Q178928	97D151.pdf
Q178974	97D211.pdf
Q179169	97D221.pdf
Q179969	97D222.pdf
Q179073	97D231.pdf
Q179714	97D232.pdf
Q179786	97D311.pdf
Q179997	97D312.pdf
Q180289	97D313.pdf
Q178132	97D314.pdf
Q178757	97D321.pdf
Q177919	97D3210.pdf
Q178070	97D3211.pdf
Q178586	97D3212.pdf
Q178280	97D3213.pdf
Q180033	97D322.pdf
Q179983	97D323.pdf
Q180090	97D324.pdf
Q179346	97D325.pdf
Q178513	97D326.pdf
Q178106	97D327.pdf
Q177954	97D328.pdf
Q179054	97D329.pdf
Q179483	97D331.pdf
Q180009	97D332.pdf
Q178602	97D333.pdf
Q183048	97E.pdf
Q183170	98A11.pdf
Q178939	98A12.pdf
Q177947	98A13.pdf
Q178520	98A21.pdf
Q183186	98B111.pdf
Q177872	98B112.pdf
Q180270	98B121.pdf
Q178786	98B122.pdf
Q178936	98B131.pdf
Q178320	98B132.pdf
Q178375	98B211.pdf
Q178317	98B212.pdf
Q179569	98B213.pdf
Q178300	98B214.pdf
Q178756	98B215.pdf
Q178572	98B216.pdf
Q179651	98B217.pdf
Q180107	98B218.pdf
Q182970	98B311.pdf
Q179123	98B3110.pdf
Q180097	98B3111.pdf
Q179421	98B312.pdf
Q179222	98B313.pdf
Q179345	98B314.pdf
Q177979	98B315.pdf
Q180364	98B316.pdf
Q179884	98B317.pdf
Q178806	98B318.pdf
Q178719	98B319.pdf
Q179425	98B321.pdf
Q179544	98B322.pdf
Q178421	98B331.pdf
Q180060	98B3310.pdf
Q178497	98B332.pdf
Q178718	98B333.pdf
Q183061	98B334.pdf
Q180297	98B335.pdf
Q178054	98B336.pdf
Q179353	98B337.pdf
Q179742	98B338.pdf
Q179795	98B339.pdf
Q180288	98D111.pdf
Q179366	98D112.pdf
Q179429	98D113.pdf
Q179622	98D114.pdf
Q179953	98D115.pdf
Q178640	98D116.pdf
Q179692	98D117.pdf
Q178706	98D118.pdf
Q178762	98D119.pdf
Q182890	98D121.pdf
Q179707	98D1210.pdf
Q178058	98D1211.pdf
Q179610	98D1212.pdf
Q179166	98D1213.pdf
Q179269	98D1214.pdf
Q179334	98D1215.pdf
Q178236	98D1216.pdf
Q180040	98D1217.pdf
Q182981	98D122.pdf
Q182902	98D123.pdf
Q183225	98D124.pdf
Q183272	98D125.pdf
Q182940	98D126.pdf
Q179364	98D127.pdf
Q180083	98D128.pdf
Q179495	98D129.pdf
Q178531	98D131.pdf
Q179404	98D132.pdf
Q179124	98D133.pdf
Q179216	98D134.pdf
Q179555	98D135.pdf
Q179806	98D136.pdf
Q178336	98D137.pdf
Q178082	98D138.pdf
Q178621	98D139.pdf
Q178557	98D211.pdf
Q179191	98D212.pdf
Q177945	98D213.pdf
Q179682	98D221.pdf
Q179812	98D2210.pdf
Q180246	98D222.pdf
Q179658	98D223.pdf
Q178345	98D224.pdf
Q179536	98D225.pdf
Q179150	98D226.pdf
Q179732	98D227.pdf
Q180258	98D228.pdf
Q178136	98D229.pdf
Q178371	98D231.pdf
Q178668	98D241.pdf
Q180281	98D242.pdf
Q180335	98D243.pdf
Q178435	98D244.pdf
Q179157	98D245.pdf
Q177969	98D246.pdf
Q178675	98D247.pdf
Q180025	98D251.pdf
Q178502	98D252.pdf
Q178567	98D311.pdf
Q179134	98D3110.pdf
Q179484	98D3111.pdf
Q178129	98D312.pdf
Q179287	98D313.pdf
Q179477	98D314.pdf
Q179694	98D315.pdf
Q179131	98D316.pdf
Q179106	98D317.pdf
Q178063	98D318.pdf
Q179265	98D319.pdf
Q179047	98D321.pdf
Q178945	98D3210.pdf
Q178225	98D322.pdf
Q179257	98D323.pdf
Q179639	98D324.pdf
Q180148	98D325.pdf
Q180305	98D326.pdf
Q179152	98D327.pdf
Q179730	98D328.pdf
Q179029	98D329.pdf
Q178257	98D331.pdf
Q179563	98D341.pdf
Q179974	98D342.pdf
Q179596	98D351.pdf
Q179565	98D352.pdf
Q179223	99A11.pdf
Q183049	99B111.pdf
Q178353	99B112.pdf
Q179686	99B113.pdf
Q180161	99B114.pdf
Q179228	99B121.pdf
Q179845	99B131.pdf
Q180094	99B141.pdf
Q179591	99B211.pdf
Q179412	99B212.pdf
Q179064	99B213.pdf
Q178645	99B214.pdf
Q180041	99B215.pdf
Q179085	99B216.pdf
Q179675	99B217.pdf
Q179784	99B221.pdf
Q178838	99B231.pdf
Q182877	99B311.pdf
Q178120	99B3110.pdf
Q179264	99B3111.pdf
Q178798	99B3112.pdf
Q177905	99B312.pdf
Q179229	99B313.pdf
Q179656	99B314.pdf
Q178347	99B315.pdf
Q177981	99B316.pdf
Q178452	99B317.pdf
Q179174	99B318.pdf
Q179883	99B319.pdf
Q183074	99B321.pdf
Q179740	99B331.pdf
Q179613	99B3310.pdf
Q183032	99B3311.pdf
Q179721	99B332.pdf
Q183279	99B333.pdf
Q178153	99B334.pdf
Q178530	99B335.pdf
Q180205	99B336.pdf
Q180194	99B337.pdf
Q180133	99B338.pdf
Q179475	99B339.pdf
Q178759	99B341.pdf
Q183187	99D111.pdf
Q179720	99D112.pdf
Q179359	99D1122.pdf
Q178929	99D113.pdf
Q178128	99D114.pdf
Q183087	99D121.pdf
Q180261	99D1210.pdf
Q179869	99D1211.pdf
Q179211	99D1212.pdf
Q180371	99D1213.pdf
Q179546	99D1214.pdf
Q178143	99D1215.pdf
Q179082	99D1216.pdf
Q179129	99D1217.pdf
Q179185	99D1218.pdf
Q178535	99D1219.pdf
Q179723	99D122.pdf
Q179046	99D1220.pdf
Q178833	99D1221.pdf
Q178951	99D1223.pdf
Q180314	99D1224.pdf
Q180179	99D1225.pdf
Q178258	99D1226.pdf
Q178873	99D1227.pdf
Q179448	99D123.pdf
Q178890	99D124.pdf
Q178793	99D125.pdf
Q178814	99D126.pdf
Q179576	99D127.pdf
Q179679	99D128.pdf
Q179432	99D129.pdf
Q182866	99D131.pdf
Q178243	99D132.pdf
Q178933	99D141.pdf
Q179655	99D142.pdf
Q178361	99D143.pdf
Q178113	99D144.pdf
Q179688	99D151.pdf
Q178800	99D152.pdf
Q178592	99D153.pdf
Q179018	99D211.pdf
Q179171	99D212.pdf
Q179041	99D213.pdf
Q177876	99D214.pdf
Q178425	99D215.pdf
Q178695	99D221.pdf
Q178660	99D222.pdf
Q179322	99D223.pdf
Q178561	99D224.pdf
Q178954	99D225.pdf
Q178716	99D226.pdf
Q178876	99D227.pdf
Q179712	99D228.pdf
Q178323	99D229.pdf
Q183119	99D231.pdf
Q179844	99D232.pdf
Q177932	99D233.pdf
Q180014	99D234.pdf
Q180197	99D235.pdf
Q179612	99D236.pdf
Q178234	99D237.pdf
Q180175	99D238.pdf
Q179081	99D241.pdf
Q179354	99D242.pdf
Q180349	99D311.pdf
Q179890	99D312.pdf
Q178982	99D313.pdf
Q178963	99D321.pdf
Q179245	99D322.pdf
Q179091	99D323.pdf
Q178031	99D324.pdf
Q178021	99D331.pdf
Q178984	99D332.pdf
Q178146	99D341.pdf
Q178245	99D342.pdf
Q180117	99D343.pdf
Q178072	99D344.pdf
Q179006	99D345.pdf
Q179881	99D346.pdf
Q179641	99D347.pdf
Q179704	99D348.pdf
Q180074	99D351.pdf
Q178127	99D411.pdf
Q182149	A.1.1.1.pdf
Q182150	A.1.1.2.pdf
Q183520	A.1.1.pdf
Q183544	A.1.1.pdf
Q182151	A.1.2.1.pdf
Q182153	A.1.2.2.pdf
Q183545	A.1.2.pdf
Q182351	A.10.1.1.pdf
Q181998	A.10.1.pdf
Q182159	A.10.1.pdf
Q182553	A.10.1.pdf
Q182742	A.10.1.pdf
Q182160	A.10.2.pdf
Q182554	A.10.2.pdf
Q182555	A.10.3.pdf
Q182556	A.10.4.pdf
Q182557	A.10.5.pdf
Q182558	A.10.6.pdf
Q183588	A.11.1.1.pdf
Q181999	A.11.1.pdf
Q182158	A.11.1.pdf
Q182352	A.11.1.pdf
Q182743	A.11.2.1.pdf
Q182353	A.11.2.pdf
Q182354	A.11.3.pdf
Q182111	A.12.1.pdf
Q182161	A.12.1.pdf
Q182355	A.12.1.pdf
Q182694	A.12.1.pdf
Q182744	A.12.1.pdf
Q182204	A.12.2.pdf
Q182356	A.12.2.pdf
Q182203	A.13.1.1.pdf
Q182357	A.13.1.1.pdf
Q182559	A.13.1.1.pdf
Q182162	A.13.1.2.pdf
Q182110	A.13.1.pdf
Q182707	A.13.2.1.pdf
Q182745	A.13.2.pdf
Q182746	A.13.2.pdf
Q182747	A.13.2.pdf
Q182748	A.13.2.pdf
Q182749	A.13.2.pdf
Q182750	A.13.3.pdf
Q182000	A.14.1.1.pdf
Q182202	A.14.1.1.pdf
Q182358	A.14.1.1.pdf
Q182163	A.14.1.2.pdf
Q182359	A.14.1.2.pdf
Q182360	A.14.1.3.pdf
Q182361	A.14.1.4.pdf
Q182362	A.14.1.5.pdf
Q182363	A.14.1.6.pdf
Q182364	A.14.1.7.pdf
Q182560	A.14.1.pdf
Q182751	A.14.1.pdf
Q182752	A.14.1.pdf
Q182112	A.14.2.1.pdf
Q182164	A.14.2.1.pdf
Q182165	A.14.2.2.pdf
Q182166	A.14.2.3.pdf
Q182561	A.14.2.pdf
Q182562	A.14.3.pdf
Q182563	A.14.3.pdf
Q182564	A.14.3.pdf
Q182113	A.15.1.1.pdf
Q182753	A.15.1.2.pdf
Q182754	A.15.1.2.pdf
Q182167	A.15.1.pdf
Q182365	A.15.1.pdf
Q182565	A.15.1.pdf
Q182001	A.15.2.1.pdf
Q182708	A.16.1.1.pdf
Q182755	A.16.1.1.pdf
Q182566	A.16.1.2.pdf
Q182756	A.16.1.2.pdf
Q182005	A.16.1.pdf
Q182168	A.16.1.pdf
Q182366	A.16.1.pdf
Q182567	A.16.2.1.pdf
Q182757	A.16.2.1.pdf
Q182568	A.16.2.2.pdf
Q182758	A.16.2.3.pdf
Q182709	A.17.1.1.pdf
Q182710	A.17.1.2.pdf
Q182006	A.17.1.pdf
Q182169	A.17.1.pdf
Q182367	A.17.1.pdf
Q182759	A.17.1.pdf
Q182002	A.17.2.pdf
Q182170	A.17.2.pdf
Q182569	A.18.1.1.pdf
Q182570	A.18.1.2.pdf
Q182003	A.18.1.pdf
Q182201	A.18.1.pdf
Q182760	A.18.1.pdf
Q182368	A.18.2.1.pdf
Q182508	A.18.2.1.pdf
Q182571	A.18.2.1.pdf
Q182572	A.18.2.2.pdf
Q182573	A.18.2.2.pdf
Q182131	A.19.1.pdf
Q182171	A.19.1.pdf
Q182574	A.19.1.pdf
Q182761	A.19.1.pdf
Q181987	A.2.1.1.pdf
Q182342	A.2.1.1.pdf
Q182731	A.2.1.1.pdf
Q181988	A.2.1.2.pdf
Q182341	A.2.1.2.pdf
Q182732	A.2.1.2.pdf
Q182733	A.2.1.2.pdf
Q181989	A.2.1.3.pdf
Q182734	A.2.1.3.pdf
Q182735	A.2.1.4.pdf
Q182736	A.2.1.5.pdf
Q182737	A.2.1.6.pdf
Q182152	A.2.1.pdf
Q181990	A.2.2.1.pdf
Q182343	A.2.2.1.pdf
Q182344	A.2.2.2.pdf
Q182004	A.20.1.1.pdf
Q182369	A.20.1.1.pdf
Q182172	A.20.1.pdf
Q182575	A.20.1.pdf
Q182762	A.20.1.pdf
Q182576	A.20.2.pdf
Q182173	A.21.1.pdf
Q182370	A.21.1.pdf
Q182577	A.21.1.pdf
Q182371	A.21.2.pdf
Q182763	A.21.2.pdf
Q182764	A.21.3.pdf
Q182007	A.22.1.1.pdf
Q182008	A.22.1.2.pdf
Q182174	A.22.1.pdf
Q182372	A.22.1.pdf
Q182526	A.22.1.pdf
Q182578	A.22.1.pdf
Q182765	A.22.1.pdf
Q182175	A.22.2.pdf
Q182176	A.22.3.pdf
Q182177	A.22.4.pdf
Q182178	A.22.5.pdf
Q182179	A.22.6.pdf
Q182180	A.22.7.pdf
Q182181	A.22.8.pdf
Q182182	A.23.1.1.pdf
Q182373	A.23.1.1.pdf
Q182183	A.23.1.2.pdf
Q182374	A.23.1.2.pdf
Q182184	A.23.1.3.pdf
Q182185	A.23.1.4.pdf
Q182186	A.23.1.5.pdf
Q182187	A.23.1.6.pdf
Q182188	A.23.1.7.pdf
Q182009	A.23.1.pdf
Q182579	A.23.1.pdf
Q182766	A.23.1.pdf
Q182189	A.23.2.1.pdf
Q182196	A.23.2.10.pdf
Q182190	A.23.2.2.pdf
Q182191	A.23.2.3.pdf
Q182192	A.23.2.4.pdf
Q182193	A.23.2.5.pdf
Q182198	A.23.2.6.pdf
Q182199	A.23.2.7.pdf
Q182194	A.23.2.8.pdf
Q182195	A.23.2.9.pdf
Q182010	A.24.1.pdf
Q182200	A.24.1.pdf
Q182375	A.24.1.pdf
Q182711	A.24.1.pdf
Q182767	A.24.1.pdf
Q182011	A.24.2.pdf
Q182197	A.24.2.pdf
Q182580	A.24.2.pdf
Q182205	A.24.3.pdf
Q182581	A.24.3.pdf
Q182768	A.24.3.pdf
Q182769	A.24.3.pdf
Q182770	A.24.4.pdf
Q182798	A.24.5.pdf
Q182771	A.25.1.1.pdf
Q182780	A.25.1.10.pdf
Q182772	A.25.1.2.pdf
Q182773	A.25.1.3.pdf
Q182774	A.25.1.4.pdf
Q182775	A.25.1.5.pdf
Q182776	A.25.1.6.pdf
Q182777	A.25.1.7.pdf
Q182778	A.25.1.8.pdf
Q182779	A.25.1.9.pdf
Q182012	A.25.1.pdf
Q182206	A.25.1.pdf
Q182376	A.25.1.pdf
Q182582	A.25.1.pdf
Q182781	A.25.2.1.pdf
Q182787	A.25.2.10.pdf
Q182782	A.25.2.2.pdf
Q182783	A.25.2.4.pdf
Q182784	A.25.2.7.pdf
Q182785	A.25.2.8.pdf
Q182786	A.25.2.9.pdf
Q182013	A.25.2.pdf
Q182207	A.25.2.pdf
Q182377	A.25.2.pdf
Q182014	A.25.3.pdf
Q182378	A.25.3.pdf
Q182379	A.25.4.pdf
Q182132	A.26.1.1.pdf
Q182380	A.26.1.1.pdf
Q182509	A.26.1.1.pdf
Q182583	A.26.1.1.pdf
Q182591	A.26.1.10.pdf
Q182015	A.26.1.2.pdf
Q182712	A.26.1.2.pdf
Q182381	A.26.1.3.pdf
Q182584	A.26.1.3.pdf
Q182382	A.26.1.4.pdf
Q182585	A.26.1.4.pdf
Q182383	A.26.1.5.pdf
Q182586	A.26.1.5.pdf
Q182384	A.26.1.6.pdf
Q182587	A.26.1.6.pdf
Q182527	A.26.1.7.pdf
Q182588	A.26.1.7.pdf
Q182385	A.26.1.8.pdf
Q182589	A.26.1.8.pdf
Q182590	A.26.1.9.pdf
Q182208	A.26.1.pdf
Q182788	A.26.1.pdf
Q182016	A.26.2.1.pdf
Q182133	A.26.2.1.pdf
Q182386	A.26.2.1.pdf
Q182592	A.26.2.1.pdf
Q182025	A.26.2.10.pdf
Q182395	A.26.2.10.pdf
Q182396	A.26.2.11.pdf
Q182510	A.26.2.12.pdf
Q182528	A.26.2.13.pdf
Q182017	A.26.2.2.pdf
Q182387	A.26.2.2.pdf
Q182593	A.26.2.2.pdf
Q182018	A.26.2.3.pdf
Q182388	A.26.2.3.pdf
Q182594	A.26.2.3.pdf
Q182019	A.26.2.4.pdf
Q182389	A.26.2.4.pdf
Q182595	A.26.2.4.pdf
Q182020	A.26.2.5.pdf
Q182390	A.26.2.5.pdf
Q182596	A.26.2.5.pdf
Q182021	A.26.2.6.pdf
Q182391	A.26.2.6.pdf
Q182597	A.26.2.6.pdf
Q182022	A.26.2.7.pdf
Q182392	A.26.2.7.pdf
Q182598	A.26.2.7.pdf
Q182023	A.26.2.8.pdf
Q182393	A.26.2.8.pdf
Q182695	A.26.2.8.pdf
Q182024	A.26.2.9.pdf
Q182394	A.26.2.9.pdf
Q182209	A.26.2.pdf
Q182262	A.26.3.pdf
Q182026	A.27.1.pdf
Q182210	A.27.1.pdf
Q182397	A.27.1.pdf
Q182713	A.27.1.pdf
Q182789	A.27.1.pdf
Q182211	A.27.2.pdf
Q182398	A.27.2.pdf
Q182599	A.27.2.pdf
Q182790	A.27.2.pdf
Q182399	A.27.3.pdf
Q182400	A.27.4.pdf
Q182212	A.27.5.pdf
Q183534	A.27.6.pdf
Q183535	A.27.7.pdf
Q182027	A.28.1.pdf
Q182401	A.28.1.pdf
Q182600	A.28.1.pdf
Q182791	A.28.1.pdf
Q182402	A.28.2.pdf
Q182714	A.28.2.pdf
Q182792	A.28.2.pdf
Q182793	A.28.3.pdf
Q182028	A.29.1.pdf
Q182403	A.29.1.pdf
Q182601	A.29.1.pdf
Q182797	A.29.1.pdf
Q182794	A.29.2.pdf
Q182795	A.29.3.pdf
Q182796	A.29.4.pdf
Q182799	A.29.5.pdf
Q183567	A.3.1.1.pdf
Q181991	A.3.1.pdf
Q182550	A.3.2.1.pdf
Q182551	A.3.2.2.pdf
Q183568	A.3.2.3.pdf
Q181992	A.3.2.pdf
Q182803	A.30.1.10.pdf
Q182804	A.30.1.10.pdf
Q183589	A.30.1.3.pdf
Q183590	A.30.1.3.pdf
Q183591	A.30.1.4.pdf
Q183592	A.30.1.5.pdf
Q183593	A.30.1.6.pdf
Q182800	A.30.1.7.pdf
Q182801	A.30.1.8.pdf
Q182802	A.30.1.8.pdf
Q183594	A.30.1.9.pdf
Q182602	A.30.1.pdf
Q183557	A.30.10.pdf
Q183566	A.30.11.pdf
Q183524	A.30.2.pdf
Q183553	A.30.2.pdf
Q183554	A.30.3.pdf
Q183555	A.30.4.pdf
Q183562	A.30.5.pdf
Q182404	A.30.6.pdf
Q182405	A.30.7.pdf
Q183565	A.30.8.pdf
Q182511	A.30.9.pdf
Q183574	A.31.1.pdf
Q183575	A.31.2.pdf
Q182715	A.31.3.pdf
Q183576	A.31.4.pdf
Q183577	A.31.5.pdf
Q182603	A.31.6.pdf
Q183578	A.31.7.pdf
Q183527	A.4.1.pdf
Q183532	A.4.1.pdf
Q183546	A.4.1.pdf
Q182345	A.4.2.pdf
Q182108	A.4.3.pdf
Q182346	A.4.3.pdf
Q183533	A.4.4.pdf
Q183547	A.5.1.1.pdf
Q183548	A.5.1.2.pdf
Q183549	A.5.1.3.pdf
Q181993	A.5.1.pdf
Q182326	A.5.1.pdf
Q182127	A.5.2.pdf
Q181994	A.5.3.pdf
Q183521	A.5.4.pdf
Q182128	A.6.1.pdf
Q182154	A.6.1.pdf
Q182552	A.6.1.pdf
Q182738	A.6.1.pdf
Q182739	A.6.1.pdf
Q183550	A.6.2.pdf
Q183551	A.6.3.pdf
Q183552	A.6.4.pdf
Q181995	A.7.1.pdf
Q182155	A.7.1.pdf
Q182347	A.7.1.pdf
Q182348	A.7.2.pdf
Q183584	A.7.3.pdf
Q183585	A.7.3.pdf
Q183586	A.7.4.pdf
Q183587	A.7.5.pdf
Q181996	A.8.1.1.pdf
Q182156	A.8.1.1.pdf
Q182349	A.8.1.pdf
Q182740	A.8.1.pdf
Q182129	A.8.2.1.pdf
Q181997	A.8.2.2.pdf
Q182130	A.9.1.1.pdf
Q182157	A.9.1.pdf
Q182350	A.9.1.pdf
Q182741	A.9.1.pdf
Q182109	A.9.2.1.pdf
Q183569	A.9.2.pdf
Q183570	A.9.3.pdf
Q183571	A.9.4.pdf
Q183572	A.9.5.pdf
Q183573	A.9.6.pdf
Q181427	Atxoste.pdf
Q182406	B.1.1.1.pdf
Q182407	B.1.1.2.pdf
Q183522	B.1.1.pdf
Q183536	B.1.1.pdf
Q183530	B.1.2.pdf
Q182037	B.10.1.1.pdf
Q182420	B.10.1.1.pdf
Q182038	B.10.1.2.pdf
Q182530	B.10.1.2.pdf
Q182039	B.10.1.3.pdf
Q182421	B.10.1.3.pdf
Q182329	B.10.1.pdf
Q182614	B.10.1.pdf
Q182809	B.10.1.pdf
Q182817	B.10.1.pdf
Q182040	B.10.2.1.pdf
Q182422	B.10.2.1.pdf
Q182137	B.10.2.2.pdf
Q182041	B.10.2.3.pdf
Q182225	B.10.2.pdf
Q182330	B.10.3.pdf
Q182810	B.10.3.pdf
Q182226	B.10.4.pdf
Q182047	B.11.1.pdf
Q182227	B.11.1.pdf
Q182423	B.11.1.pdf
Q182615	B.11.1.pdf
Q182811	B.11.1.pdf
Q182616	B.11.2.pdf
Q182818	B.12.1.1.pdf
Q182812	B.12.1.2.pdf
Q182042	B.12.1.pdf
Q182228	B.12.1.pdf
Q182424	B.12.1.pdf
Q182617	B.12.1.pdf
Q182229	B.13.1.1.pdf
Q182043	B.13.1.pdf
Q182425	B.13.1.pdf
Q182718	B.13.1.pdf
Q182813	B.13.2.pdf
Q182138	B.14.1.1.pdf
Q182814	B.14.1.1.pdf
Q182815	B.14.1.2.pdf
Q182816	B.14.1.3.pdf
Q182230	B.14.1.pdf
Q182426	B.14.1.pdf
Q182618	B.14.1.pdf
Q182148	B.15.1.pdf
Q182231	B.15.1.pdf
Q182619	B.15.1.pdf
Q182327	B.15.2.pdf
Q182514	B.15.2.pdf
Q182427	B.16.1.1.pdf
Q182819	B.16.1.1.pdf
Q182044	B.16.1.pdf
Q182232	B.16.1.pdf
Q182620	B.16.1.pdf
Q182820	B.16.2.2.pdf
Q182428	B.17.1.1.pdf
Q182045	B.17.1.pdf
Q182233	B.17.1.pdf
Q182621	B.17.1.pdf
Q182429	B.17.2.1.pdf
Q182531	B.17.2.2.pdf
Q182430	B.17.2.3.pdf
Q182234	B.18.1.1.pdf
Q182046	B.18.1.pdf
Q182515	B.18.1.pdf
Q182622	B.18.1.pdf
Q182821	B.18.1.pdf
Q182235	B.18.2.1.pdf
Q182274	B.18.2.2.pdf
Q182139	B.19.1.pdf
Q182236	B.19.1.pdf
Q182532	B.19.1.pdf
Q182623	B.19.1.pdf
Q182822	B.19.1.pdf
Q182823	B.19.1.pdf
Q182048	B.19.2.pdf
Q182431	B.19.2.pdf
Q182213	B.2.1.pdf
Q182408	B.2.1.pdf
Q183523	B.2.2.pdf
Q182331	B.20.1.1.pdf
Q182624	B.20.1.1.pdf
Q182625	B.20.1.2.pdf
Q182626	B.20.1.3.pdf
Q182049	B.20.1.pdf
Q182432	B.20.1.pdf
Q182824	B.20.1.pdf
Q182699	B.20.2.1.pdf
Q182533	B.20.2.pdf
Q182050	B.21.1.pdf
Q182263	B.21.1.pdf
Q182433	B.21.1.pdf
Q182627	B.21.1.pdf
Q182825	B.21.1.pdf
Q182237	B.21.2.pdf
Q182826	B.21.2.pdf
Q182238	B.22.1.pdf
Q182434	B.22.1.pdf
Q182628	B.22.1.pdf
Q182629	B.22.2.pdf
Q182827	B.22.2.pdf
Q182114	B.22.3.pdf
Q182630	B.22.3.pdf
Q182051	B.22.4.pdf
Q182115	B.22.5.pdf
Q182052	B.22.6.pdf
Q182239	B.23.1.1.pdf
Q182435	B.23.1.1.pdf
Q182700	B.23.1.1.pdf
Q182828	B.23.1.1.pdf
Q182631	B.23.1.2.pdf
Q182829	B.23.1.2.pdf
Q182035	B.23.1.pdf
Q182240	B.24.1.1.pdf
Q182830	B.24.1.1.pdf
Q182241	B.24.1.2.pdf
Q182436	B.24.1.pdf
Q182632	B.24.1.pdf
Q182831	B.24.2.1.pdf
Q182832	B.24.2.2.pdf
Q182833	B.24.2.3.pdf
Q182834	B.24.2.4.pdf
Q182437	B.24.2.pdf
Q182264	B.25.1.1.pdf
Q182438	B.25.1.1.pdf
Q182633	B.25.1.1.pdf
Q182534	B.25.1.2.pdf
Q182439	B.25.1.3.pdf
Q182835	B.25.1.pdf
Q182440	B.26.1.1.pdf
Q182634	B.26.1.1.pdf
Q182516	B.26.1.2.pdf
Q182242	B.26.1.pdf
Q182836	B.26.1.pdf
Q182265	B.26.2.pdf
Q182243	B.26.3.pdf
Q182244	B.26.4.pdf
Q182635	B.27.1.1.pdf
Q182245	B.27.1.pdf
Q182441	B.27.1.pdf
Q182246	B.27.2.pdf
Q182247	B.28.1.pdf
Q182442	B.28.1.pdf
Q182636	B.28.1.pdf
Q182837	B.28.1.pdf
Q182266	B.28.2.pdf
Q182248	B.29.1.pdf
Q182443	B.29.1.pdf
Q182637	B.29.1.pdf
Q182838	B.29.1.pdf
Q182214	B.3.1.1.pdf
Q182215	B.3.1.2.pdf
Q182032	B.3.1.pdf
Q182512	B.3.1.pdf
Q182604	B.3.1.pdf
Q182216	B.3.2.1.pdf
Q182029	B.3.2.pdf
Q182409	B.3.2.pdf
Q182410	B.3.3.pdf
Q182839	B.30.1.1.pdf
Q182267	B.30.1.pdf
Q182535	B.30.1.pdf
Q182638	B.30.1.pdf
Q182719	B.30.1.pdf
Q182536	B.30.2.pdf
Q182537	B.30.3.pdf
Q182538	B.30.4.pdf
Q182539	B.30.5.pdf
Q182517	B.30.6.pdf
Q182540	B.30.7.pdf
Q182541	B.30.8.pdf
Q182249	B.31.1.pdf
Q182542	B.31.1.pdf
Q182639	B.31.1.pdf
Q182332	B.32.1.1.pdf
Q182640	B.32.1.1.pdf
Q182334	B.32.1.2.pdf
Q182641	B.32.1.2.pdf
Q182333	B.32.1.3.pdf
Q182642	B.32.1.3.pdf
Q182643	B.32.1.3.pdf
Q182250	B.32.1.4.pdf
Q182543	B.32.1.pdf
Q182840	B.32.1.pdf
Q182268	B.32.2.1.pdf
Q182251	B.32.2.2.pdf
Q182269	B.32.2.3.pdf
Q182252	B.32.3.1.pdf
Q182644	B.32.3.2.pdf
Q182645	B.32.3.2.pdf
Q182253	B.32.3.3.pdf
Q182646	B.32.3.3.pdf
Q182254	B.32.3.4.pdf
Q182720	B.32.3.4.pdf
Q182335	B.32.3.5.pdf
Q182647	B.32.3.5.pdf
Q182255	B.32.3.6.pdf
Q183537	B.32.3.7.pdf
Q183538	B.32.3.8.pdf
Q183539	B.32.3.9.pdf
Q182544	B.33.1.pdf
Q182841	B.33.1.pdf
Q182545	B.33.2.pdf
Q182518	B.34.1.pdf
Q182842	B.34.1.pdf
Q182843	B.34.2.pdf
Q182519	B.35.1.1.pdf
Q182520	B.35.2.1.pdf
Q182521	B.35.2.2.pdf
Q183563	B.35.2.3.pdf
Q183564	B.35.3.1.pdf
Q182444	B.35.3.2.pdf
Q182445	B.35.3.3.pdf
Q182446	B.35.3.4.pdf
Q183558	B.35.3.5.pdf
Q183559	B.35.3.6.pdf
Q182447	B.35.3.7.pdf
Q182448	B.35.3.8.pdf
Q182522	B.35.3.9.pdf
Q182844	B.36.1.pdf
Q182845	B.37.1.pdf
Q182846	B.38.1.pdf
Q182847	B.39.1.1.pdf
Q182848	B.39.1.2.pdf
Q182849	B.39.2.1.pdf
Q182850	B.39.2.2.pdf
Q182851	B.39.2.3.pdf
Q182852	B.39.2.4.pdf
Q182716	B.4.1.1.pdf
Q182605	B.4.1.2.pdf
Q182030	B.4.1.pdf
Q182217	B.4.1.pdf
Q182411	B.4.1.pdf
Q182853	B.40.1.pdf
Q182854	B.40.4.pdf
Q183595	B.40.5.pdf
Q182855	B.40.6.pdf
Q183596	B.40.7.pdf
Q182412	B.5.1.1.pdf
Q182413	B.5.1.2.pdf
Q182414	B.5.1.3.pdf
Q182031	B.5.1.pdf
Q182218	B.5.1.pdf
Q182696	B.5.1.pdf
Q182805	B.5.1.pdf
Q182415	B.5.2.1.pdf
Q182529	B.5.2.2.pdf
Q182134	B.5.2.pdf
Q182219	B.6.1.1.pdf
Q182697	B.6.1.1.pdf
Q182220	B.6.1.2.pdf
Q182698	B.6.1.2.pdf
Q182328	B.6.1.3.pdf
Q182135	B.6.1.pdf
Q182416	B.6.1.pdf
Q182806	B.6.1.pdf
Q182136	B.7.1.pdf
Q182221	B.7.1.pdf
Q182513	B.7.1.pdf
Q182606	B.7.1.pdf
Q182807	B.7.1.pdf
Q182033	B.8.1.pdf
Q182222	B.8.1.pdf
Q182417	B.8.1.pdf
Q182607	B.8.1.pdf
Q182808	B.8.1.pdf
Q182223	B.8.2.pdf
Q182418	B.8.2.pdf
Q182608	B.8.2.pdf
Q182609	B.8.3.pdf
Q182610	B.8.4.pdf
Q182611	B.8.5.pdf
Q182224	B.9.1.1.pdf
Q182612	B.9.1.1.pdf
Q182036	B.9.1.pdf
Q182419	B.9.1.pdf
Q182613	B.9.2.1.pdf
Q182717	B.9.2.2.pdf
Q182256	C.1.1.pdf
Q182721	C.1.1.pdf
Q182856	C.1.1.pdf
Q182336	C.1.2.pdf
Q182663	C.10.1.1.pdf
Q182065	C.10.1.pdf
Q182284	C.10.1.pdf
Q182461	C.10.1.pdf
Q182066	C.10.2.pdf
Q182285	C.10.2.pdf
Q182462	C.10.2.pdf
Q182117	C.10.3.pdf
Q182286	C.10.3.pdf
Q182463	C.10.3.pdf
Q182067	C.10.4.pdf
Q182277	C.10.4.pdf
Q182464	C.10.4.pdf
Q182068	C.10.5.pdf
Q182287	C.10.5.pdf
Q182465	C.10.5.pdf
Q182069	C.10.6.pdf
Q182070	C.10.7.pdf
Q182071	C.10.8.pdf
Q182118	C.11.1.1.pdf
Q182288	C.11.1.1.pdf
Q182466	C.11.1.1.pdf
Q182664	C.11.1.1.pdf
Q182072	C.11.1.2.pdf
Q182289	C.11.1.2.pdf
Q182546	C.11.1.2.pdf
Q182142	C.11.1.3.pdf
Q182337	C.11.1.3.pdf
Q182467	C.11.1.3.pdf
Q182073	C.11.1.4.pdf
Q182278	C.11.1.4.pdf
Q182468	C.11.1.4.pdf
Q182074	C.11.1.5.pdf
Q182279	C.11.1.5.pdf
Q182523	C.11.1.5.pdf
Q182075	C.11.1.6.pdf
Q182290	C.11.1.6.pdf
Q182469	C.11.1.6.pdf
Q182280	C.11.1.7.pdf
Q182470	C.11.1.7.pdf
Q182076	C.11.2.1.pdf
Q182665	C.11.2.1.pdf
Q182666	C.11.2.1.pdf
Q182143	C.11.2.2.pdf
Q182119	C.12.1.1.pdf
Q182281	C.12.1.1.pdf
Q182667	C.12.1.1.pdf
Q182471	C.12.1.pdf
Q182077	C.12.2.1.pdf
Q182339	C.12.2.1.pdf
Q182472	C.12.2.pdf
Q182473	C.13.1.1.pdf
Q182723	C.13.1.1.pdf
Q182078	C.13.1.pdf
Q182282	C.13.1.pdf
Q182724	C.13.2.1.pdf
Q182283	C.13.2.pdf
Q182291	C.14.1.1.pdf
Q182079	C.14.1.pdf
Q182547	C.14.1.pdf
Q182668	C.14.1.pdf
Q182080	C.15.1.1.pdf
Q182292	C.15.1.1.pdf
Q182669	C.15.1.1.pdf
Q182725	C.15.1.2.pdf
Q182670	C.15.1.3.pdf
Q182671	C.15.1.4.pdf
Q182524	C.15.1.pdf
Q182081	C.16.1.1.pdf
Q182301	C.16.1.1.pdf
Q182525	C.16.1.1.pdf
Q182672	C.16.1.pdf
Q182082	C.16.2.1.pdf
Q182120	C.17.1.pdf
Q182293	C.17.1.pdf
Q182474	C.17.1.pdf
Q182706	C.17.1.pdf
Q182475	C.17.2.pdf
Q182673	C.17.2.pdf
Q182674	C.17.3.pdf
Q182121	C.18.1.1.pdf
Q182302	C.18.1.1.pdf
Q182122	C.18.1.2.pdf
Q182083	C.18.1.3.pdf
Q182084	C.18.1.4.pdf
Q182476	C.18.1.pdf
Q182675	C.18.1.pdf
Q182144	C.18.2.1.pdf
Q182294	C.18.2.1.pdf
Q182085	C.18.2.2.pdf
Q182477	C.18.2.pdf
Q182676	C.18.2.pdf
Q182123	C.19.1.1.pdf
Q182086	C.19.1.2.pdf
Q182087	C.19.1.3.pdf
Q182124	C.19.1.4.pdf
Q182303	C.19.1.pdf
Q182478	C.19.1.pdf
Q182677	C.19.1.pdf
Q182678	C.19.2.pdf
Q182679	C.19.3.pdf
Q182257	C.2.1.pdf
Q182449	C.2.1.pdf
Q182479	C.20.1.1.pdf
Q182480	C.20.1.2.pdf
Q182145	C.20.1.pdf
Q182304	C.20.1.pdf
Q182680	C.20.1.pdf
Q182481	C.20.2.1.pdf
Q182482	C.20.2.2.pdf
Q182681	C.20.2.pdf
Q182088	C.21.1.pdf
Q182295	C.21.1.pdf
Q182682	C.21.1.pdf
Q182146	C.22.1.pdf
Q182305	C.22.1.pdf
Q182483	C.22.1.pdf
Q182484	C.22.2.pdf
Q182089	C.23.1.pdf
Q182296	C.23.1.pdf
Q182485	C.23.1.pdf
Q182683	C.23.1.pdf
Q182297	C.23.2.pdf
Q182486	C.23.2.pdf
Q182298	C.23.3.pdf
Q182299	C.24.1.1.pdf
Q182487	C.24.1.1.pdf
Q182684	C.24.1.1.pdf
Q182090	C.24.1.pdf
Q182306	C.24.2.1.pdf
Q182548	C.24.2.1.pdf
Q182091	C.24.2.pdf
Q182300	C.25.1.1.pdf
Q182092	C.25.1.pdf
Q182488	C.25.1.pdf
Q182093	C.25.2.pdf
Q182094	C.26.1.pdf
Q182726	C.26.1.pdf
Q182685	C.26.2.pdf
Q182686	C.26.3.pdf
Q182727	C.27.1.1.pdf
Q182687	C.27.1.2.pdf
Q182097	C.27.1.pdf
Q182307	C.27.1.pdf
Q182489	C.27.1.pdf
Q182308	C.28.1.1.pdf
Q182490	C.28.1.1.pdf
Q182491	C.28.1.2.pdf
Q182728	C.28.1.pdf
Q182492	C.28.2.1.pdf
Q182729	C.28.2.pdf
Q182688	C.29.1.1.pdf
Q183582	C.29.1.2.pdf
Q182096	C.29.1.pdf
Q182689	C.29.2.1.pdf
Q183579	C.29.2.2.pdf
Q182690	C.29.2.3.pdf
Q182722	C.29.2.4.pdf
Q183580	C.29.2.5.pdf
Q183583	C.29.2.6.pdf
Q182730	C.29.2.7.pdf
Q182053	C.3.1.pdf
Q182258	C.3.1.pdf
Q182701	C.3.1.pdf
Q182648	C.3.2.pdf
Q183560	C.3.3.pdf
Q183561	C.3.4.pdf
Q182098	C.30.1.1.pdf
Q182493	C.30.1.1.pdf
Q182309	C.30.1.pdf
Q182095	C.30.2.1.pdf
Q182494	C.30.2.1.pdf
Q182495	C.30.2.2.pdf
Q182549	C.30.2.3.pdf
Q182496	C.30.2.4.pdf
Q182310	C.30.2.pdf
Q182311	C.31.1.pdf
Q182497	C.31.1.pdf
Q182312	C.31.2.pdf
Q182313	C.31.3.pdf
Q182314	C.31.4.pdf
Q182099	C.32.1.pdf
Q182315	C.32.1.pdf
Q182498	C.32.1.pdf
Q182100	C.32.2.pdf
Q182499	C.32.2.pdf
Q182125	C.32.3.pdf
Q182500	C.33.1.1.pdf
Q182316	C.33.1.2.pdf
Q182317	C.33.1.3.pdf
Q182501	C.33.1.3.pdf
Q182318	C.33.1.4.pdf
Q182502	C.33.1.4.pdf
Q182147	C.33.1.pdf
Q182319	C.33.2.1.pdf
Q182503	C.33.2.1.pdf
Q182320	C.33.2.2.pdf
Q183540	C.33.2.3.pdf
Q183541	C.33.2.4.pdf
Q182504	C.33.2.5.pdf
Q182321	C.33.2.6.pdf
Q182101	C.33.2.pdf
Q182102	C.34.1.1.pdf
Q182126	C.34.2.1.pdf
Q182103	C.34.2.2.pdf
Q182104	C.34.2.3.pdf
Q183529	C.34.2.4.pdf
Q182105	C.34.2.5.pdf
Q183525	C.34.2.6.pdf
Q182106	C.34.2.7.pdf
Q183531	C.34.2.8.pdf
Q182054	C.4.1.pdf
Q182259	C.4.1.pdf
Q182450	C.4.1.pdf
Q182649	C.4.1.pdf
Q182140	C.4.2.pdf
Q182141	C.4.3.pdf
Q182260	C.5.1.1.pdf
Q182650	C.5.1.1.pdf
Q182261	C.5.1.2.pdf
Q182651	C.5.1.2.pdf
Q182271	C.5.1.3.pdf
Q182055	C.5.1.pdf
Q182056	C.5.2.pdf
Q182057	C.5.3.pdf
Q182058	C.5.4.pdf
Q182059	C.5.5.pdf
Q182116	C.6.1.1.pdf
Q182272	C.6.1.1.pdf
Q182451	C.6.1.pdf
Q182652	C.6.1.pdf
Q182060	C.6.2.1.pdf
Q182273	C.6.2.1.pdf
Q182061	C.6.2.2.pdf
Q182452	C.7.1.1.pdf
Q182653	C.7.1.1.pdf
Q182453	C.7.1.2.pdf
Q182062	C.7.1.pdf
Q182270	C.7.1.pdf
Q182454	C.7.2.1.pdf
Q182455	C.7.2.2.pdf
Q182063	C.8.1.1.pdf
Q182275	C.8.1.1.pdf
Q182338	C.8.1.1.pdf
Q182654	C.8.1.1.pdf
Q182456	C.8.1.pdf
Q182655	C.8.2.1.pdf
Q182702	C.8.2.2.pdf
Q182703	C.8.2.3.pdf
Q182656	C.8.2.4.pdf
Q182657	C.8.2.5.pdf
Q182658	C.8.2.6.pdf
Q182659	C.8.2.7.pdf
Q182660	C.9.1.1.pdf
Q182704	C.9.1.2.pdf
Q182661	C.9.1.3.pdf
Q182705	C.9.1.4.pdf
Q182064	C.9.1.pdf
Q182276	C.9.1.pdf
Q182457	C.9.1.pdf
Q182662	C.9.2.1.pdf
Q182458	C.9.2.pdf
Q182459	C.9.3.pdf
Q182460	C.9.4.pdf
Q182322	D.1.1.pdf
Q182505	D.1.1.pdf
Q182107	D.1.2.pdf
Q182691	D.1.2.pdf
Q182325	D.1.3.pdf
Q182506	D.1.3.pdf
Q183528	D.2.1.pdf
Q183542	D.2.1.pdf
Q182323	D.2.2.pdf
Q182507	D.2.2.pdf
Q182324	D.2.3..pdf
Q182692	D.2.3.pdf
Q183526	D.2.4.pdf
Q183543	D.2.4.pdf
Q182693	D.2.5.pdf
Q183581	D.2.6.pdf
Q181428	zaldiaran.pdf
